Unnamed,fork_slug,upstream_slug,created_at,updated_at,pushed_at,forks_count,forking_level,latest F commit date,OnlyF,OnlyU,F2U,U2F,active
2739,30-reactions/1171-astropy,astropy/astropy,2022-08-22T04:08:27Z,2022-08-20T20:50:13Z,2022-08-22T01:49:07Z,0.0,1.0,2022-08-21 16:54:13,0,21,0,0,False
2740,saurabh-ss/astropy,astropy/astropy,2022-08-20T22:24:52Z,2022-08-20T20:50:13Z,2022-08-20T21:23:34Z,0.0,1.0,2022-08-18 17:30:23,0,26,0,0,False
2741,hwiks/astropy,astropy/astropy,2022-08-18T13:56:50Z,2022-08-17T23:38:47Z,2022-08-18T07:47:22Z,0.0,1.0,2022-08-16 00:01:32,0,34,0,0,False
2742,MatiasRepetto/astropy,astropy/astropy,2022-08-12T15:37:21Z,2022-08-17T20:50:43Z,2022-08-22T12:57:22Z,0.0,1.0,2022-08-21 16:54:13,0,30,0,0,False
2743,dougbrn/astropy,astropy/astropy,2022-08-10T19:01:26Z,2022-08-17T19:02:53Z,2022-08-22T18:39:09Z,0.0,1.0,2022-08-26 15:38:27,4,36,0,0,True
2744,ianthomas23/astropy,astropy/astropy,2022-08-10T10:01:47Z,2022-08-09T18:50:33Z,2022-08-10T03:34:59Z,0.0,1.0,2022-08-09 16:05:10,0,39,0,0,False
2745,swagner-astro/astropy,astropy/astropy,2022-08-05T21:22:13Z,2022-08-05T19:06:33Z,2022-08-05T19:06:57Z,0.0,1.0,2022-08-04 10:13:11,0,66,0,0,False
2747,amcvoy/astropy,astropy/astropy,2022-07-27T15:59:57Z,2022-08-02T08:00:22Z,2022-08-02T08:00:09Z,0.0,1.0,2022-07-29 22:44:48,0,101,0,0,False
2748,marcosboggia/astropy,astropy/astropy,2022-07-27T15:43:53Z,2022-07-27T06:03:58Z,2022-07-27T15:05:10Z,0.0,1.0,2022-07-27 14:44:33,0,113,0,0,False
2749,NotQuiteAwake/astropy,astropy/astropy,2022-07-26T19:34:32Z,2022-07-26T16:09:18Z,2022-07-27T20:49:05Z,0.0,1.0,2022-07-27 20:48:30,4,118,0,0,True
2750,ZRupp/astropy,astropy/astropy,2022-07-26T19:05:18Z,2022-07-26T16:09:18Z,2022-07-26T13:28:52Z,0.0,1.0,2022-07-25 20:27:15,0,118,0,0,False
2751,mlinvill/astropy,astropy/astropy,2022-07-25T19:20:21Z,2022-07-25T18:12:14Z,2022-07-25T19:00:22Z,0.0,1.0,2022-07-24 16:18:20,0,122,0,0,False
2752,thiagofst/astropy,astropy/astropy,2022-07-25T15:49:17Z,2022-07-25T07:31:52Z,2022-07-25T14:14:28Z,0.0,1.0,2022-07-24 16:18:20,0,122,0,0,False
2753,jianyangli/astropy,astropy/astropy,2022-07-22T19:44:51Z,2022-07-22T13:34:58Z,2022-07-22T16:33:19Z,0.0,1.0,2022-07-21 17:52:07,0,131,0,0,False
2754,deepanshs/astropy,astropy/astropy,2022-07-21T19:42:34Z,2022-07-21T23:07:56Z,2022-07-21T17:52:08Z,0.0,1.0,2022-07-21 17:52:07,0,134,0,0,False
2755,CristianStanciu/astropy,astropy/astropy,2022-07-20T10:27:13Z,2022-07-20T03:42:00Z,2022-07-19T23:58:01Z,0.0,1.0,2022-07-19 20:18:56,0,144,0,0,False
2756,burakozturk16/astropy,astropy/astropy,2022-07-18T22:59:14Z,2022-07-18T22:59:11Z,2022-07-18T19:15:48Z,0.0,1.0,2022-07-18 19:15:48,0,150,0,0,False
2757,classicvalues/astropy,astropy/astropy,2022-07-17T21:10:58Z,2022-07-17T21:11:03Z,2022-07-17T21:11:11Z,0.0,1.0,2022-07-17 21:11:09,1,153,0,0,True
2758,johntkappel/astropy,astropy/astropy,2022-07-14T18:11:19Z,2022-07-14T15:09:44Z,2022-07-14T16:12:58Z,0.0,1.0,2022-07-14 14:25:13,0,157,0,0,False
2759,astromariarosa/astropy,astropy/astropy,2022-07-14T13:08:12Z,2022-07-14T10:47:50Z,2022-07-14T12:35:12Z,0.0,1.0,2022-07-11 20:49:46,0,160,0,0,False
2760,super-rain/astropy,astropy/astropy,2022-07-14T09:19:16Z,2022-07-14T09:00:35Z,2022-07-13T03:58:03Z,0.0,1.0,2022-07-11 20:49:46,0,164,0,0,False
2761,davidmpaz/astropy,astropy/astropy,2022-07-13T06:12:31Z,2022-07-15T16:10:26Z,2022-07-15T16:10:14Z,0.0,1.0,2022-07-14 14:25:13,0,159,0,0,False
2762,KevinArce/astropy,astropy/astropy,2022-07-12T22:15:35Z,2022-07-12T22:14:30Z,2022-07-12T21:24:55Z,0.0,1.0,2022-07-11 20:49:46,0,166,0,0,False
2763,bharathr98/astropy,astropy/astropy,2022-07-12T18:32:46Z,2022-07-12T18:15:09Z,2022-07-12T21:23:20Z,0.0,1.0,2022-07-12 21:23:17,3,166,0,0,True
2764,StephenTheCoder/astropy,astropy/astropy,2022-07-07T20:00:07Z,2022-07-07T13:57:58Z,2022-07-07T20:03:12Z,0.0,1.0,2022-07-07 20:03:12,1,186,0,0,True
2765,rolweber/astropy,astropy/astropy,2022-07-07T06:07:30Z,2022-07-03T12:25:23Z,2022-07-08T12:31:52Z,0.0,1.0,2022-07-06 14:48:48,0,197,0,0,False
2766,markuspoplus/astropy,astropy/astropy,2022-06-30T07:42:57Z,2022-06-29T21:49:12Z,2022-06-29T14:23:37Z,0.0,1.0,2022-06-29 14:23:37,0,245,0,0,False
2767,arslan38/astropy,astropy/astropy,2022-06-30T00:40:58Z,2022-06-29T21:49:12Z,2022-06-29T14:23:37Z,0.0,1.0,2022-06-29 14:23:37,0,245,0,0,False
2768,turrisxyz/astropy,astropy/astropy,2022-06-24T00:29:02Z,2022-06-23T11:36:38Z,2022-06-24T00:29:24Z,0.0,1.0,2022-06-24 00:29:24,1,294,0,0,True
2769,ck778/astropy,astropy/astropy,2022-06-22T01:39:32Z,2022-06-20T15:57:25Z,2022-06-21T19:15:27Z,0.0,1.0,2022-06-18 01:03:52,0,339,0,0,False
2770,vincepandolfo/astropy,astropy/astropy,2022-06-20T20:51:32Z,2022-06-20T15:57:25Z,2022-06-20T02:55:10Z,0.0,1.0,2022-06-18 01:03:52,0,339,0,0,False
2771,martinjohndyer/astropy,astropy/astropy,2022-06-17T15:40:55Z,2022-06-17T11:53:36Z,2022-06-17T20:24:58Z,0.0,1.0,2022-06-17 20:24:51,0,345,2,0,False
2772,MinhLCTP/astropy,astropy/astropy,2022-06-16T07:26:02Z,2022-06-15T19:56:48Z,2022-06-16T00:28:29Z,0.0,1.0,2022-06-16 00:28:29,0,368,0,0,False
2773,astroryan97/astropy,astropy/astropy,2022-06-13T01:34:00Z,2022-06-11T03:15:07Z,2022-06-12T19:31:17Z,0.0,1.0,2022-06-12 19:31:17,0,372,0,0,False
2774,OliverZott/astropy,astropy/astropy,2022-06-06T13:19:50Z,2022-06-06T11:27:30Z,2022-06-06T12:52:46Z,0.0,1.0,2022-06-06 02:37:10,0,405,0,0,False
2775,devanshshukla99/astropy,astropy/astropy,2022-06-05T09:20:47Z,2022-06-03T15:27:50Z,2022-06-04T21:23:42Z,0.0,1.0,2022-06-03 21:05:19,0,410,0,0,False
2776,mvgorcum/astropy,astropy/astropy,2022-06-03T13:34:26Z,2022-06-03T04:29:39Z,2022-06-02T21:05:26Z,0.0,1.0,2022-06-02 21:05:26,0,414,0,0,False
2777,Dolgalad/astropy_planets,astropy/astropy,2022-05-31T16:13:21Z,2022-05-31T18:36:32Z,2022-06-01T13:30:56Z,0.0,1.0,2022-06-01 13:30:55,13,445,0,0,True
2778,jacobic/astropy,astropy/astropy,2022-05-31T08:18:15Z,2022-05-30T17:17:11Z,2022-05-31T01:04:44Z,0.0,1.0,2022-05-26 20:36:30,0,450,0,0,False
2779,yiboLi1006/astropy,astropy/astropy,2022-05-30T05:50:12Z,2022-05-29T15:10:39Z,2022-05-28T14:02:05Z,0.0,1.0,2022-05-26 20:36:30,0,450,0,0,False
2780,zacharyburnett/astropy,astropy/astropy,2022-05-26T12:24:09Z,2022-05-25T15:28:26Z,2022-05-25T16:57:05Z,0.0,1.0,2022-05-24 12:54:39,0,459,0,0,False
2781,craigbosco/astropy,astropy/astropy,2022-05-25T18:53:07Z,2022-05-25T15:28:26Z,2022-05-25T16:57:05Z,0.0,1.0,2022-05-24 12:54:39,0,459,0,0,False
2782,Dhruvil2911/astropy,astropy/astropy,2022-05-25T18:26:41Z,2022-05-25T15:28:26Z,2022-05-25T16:57:05Z,0.0,1.0,2022-05-24 12:54:39,0,459,0,0,False
2783,AbrMa/astropy,astropy/astropy,2022-05-24T17:08:33Z,2022-05-24T07:23:13Z,2022-05-24T12:55:02Z,0.0,1.0,2022-05-24 12:54:39,0,461,0,0,False
2784,redshiftzero/astropy,astropy/astropy,2022-05-23T04:49:57Z,2022-05-21T20:05:18Z,2022-05-22T21:55:50Z,0.0,1.0,2022-05-20 21:40:55,0,474,0,0,False
2785,vestuto/astropy,astropy/astropy,2022-05-22T23:29:57Z,2022-05-21T20:05:18Z,2022-05-22T21:55:50Z,0.0,1.0,2022-05-20 21:40:55,0,474,0,0,False
2786,Lily-f/astropy,astropy/astropy,2022-05-10T23:52:06Z,2022-05-10T22:03:57Z,2022-05-11T23:07:37Z,0.0,1.0,2022-05-11 23:06:24,0,512,1,0,False
2787,zabop/astropy,astropy/astropy,2022-05-07T19:02:10Z,2022-05-07T15:17:05Z,2022-05-07T16:03:04Z,0.0,1.0,2022-05-07 16:03:04,0,537,0,0,False
2788,YudjinSud/astropy,astropy/astropy,2022-05-04T05:27:13Z,2022-05-03T00:25:58Z,2022-05-04T02:33:03Z,0.0,1.0,2022-05-03 17:54:11,0,569,0,0,False
2789,javerbukh/astropy,astropy/astropy,2022-05-03T23:33:35Z,2022-05-03T00:25:58Z,2022-05-03T19:39:07Z,0.0,1.0,2022-05-03 17:54:11,0,573,0,0,False
2790,martindurant/astropy,astropy/astropy,2022-05-02T18:34:34Z,2022-05-01T12:44:15Z,2022-05-02T16:28:11Z,0.0,1.0,2022-05-02 04:20:20,0,577,0,0,False
2791,jorgepiloto/astropy,astropy/astropy,2022-04-27T07:42:08Z,2022-04-24T23:00:50Z,2022-04-27T07:30:40Z,0.0,1.0,2022-04-26 21:40:40,0,609,0,0,False
2792,Tanuj-rai/astropy,astropy/astropy,2022-04-20T09:13:37Z,2022-04-18T08:15:28Z,2022-04-20T02:52:37Z,0.0,1.0,2022-04-20 00:55:16,0,775,0,0,False
2793,Physolia/astropy,astropy/astropy,2022-04-16T22:01:05Z,2022-04-19T20:03:35Z,2022-08-08T23:17:43Z,0.0,1.0,2022-08-08 20:04:41,0,340,0,0,False
2794,rossbar/astropy,astropy/astropy,2022-04-15T04:11:26Z,2022-04-14T23:18:37Z,2022-04-14T17:11:32Z,0.0,1.0,2022-04-14 15:28:51,0,821,0,0,False
2795,wjford/astropy,astropy/astropy,2022-04-14T23:19:28Z,2022-05-21T20:15:30Z,2022-05-21T20:14:56Z,0.0,1.0,2022-05-20 21:40:55,0,587,0,0,False
2796,fornax-navo/astropy,astropy/astropy,2022-04-13T15:54:00Z,2022-05-02T18:55:50Z,2022-05-10T13:50:26Z,0.0,1.0,2022-05-07 00:24:41,40,629,0,0,False
2797,njmiller/astropy,astropy/astropy,2022-04-12T02:09:09Z,2022-04-12T00:45:35Z,2022-04-12T02:07:42Z,0.0,1.0,2022-04-11 12:25:39,0,834,0,0,False
2798,lukaswenzl/astropy,astropy/astropy,2022-04-10T19:22:25Z,2022-04-10T11:44:17Z,2022-04-10T18:52:18Z,0.0,1.0,2022-04-10 18:36:44,0,836,0,0,False
2799,caguerra/astropy,astropy/astropy,2022-04-10T18:09:03Z,2022-04-10T11:44:17Z,2022-04-10T17:08:00Z,0.0,1.0,2022-04-09 01:13:24,0,837,0,0,False
2800,Bwoltz/astropy,astropy/astropy,2022-04-05T19:19:06Z,2022-04-05T17:02:15Z,2022-05-31T01:04:40Z,0.0,1.0,2022-05-31 01:03:20,0,594,1,0,False
2801,Andromeda-Stars/astropy,astropy/astropy,2022-04-05T17:02:27Z,2022-04-05T17:02:15Z,2022-04-05T15:38:20Z,1.0,1.0,2022-04-04 20:38:18,0,878,0,0,False
2802,Python-Repository-Hub/astropy,astropy/astropy,2022-04-05T14:40:55Z,2022-04-05T01:12:24Z,2022-04-05T14:37:39Z,0.0,1.0,2022-04-04 20:38:18,0,879,0,0,False
2803,pjs902/astropy,astropy/astropy,2022-04-05T13:41:47Z,2022-04-05T01:12:24Z,2022-04-05T13:48:22Z,0.0,1.0,2022-04-04 20:38:18,0,880,0,0,False
2804,y-marui/astropy,astropy/astropy,2022-04-05T04:23:05Z,2022-04-05T10:13:13Z,2022-04-07T15:13:31Z,0.0,1.0,2022-04-07 15:13:02,22,871,0,0,False
2805,dsa110/astropy,astropy/astropy,2022-04-03T21:18:04Z,2022-04-01T01:09:15Z,2022-04-03T21:27:55Z,0.0,1.0,2022-04-03 21:25:56,1,889,0,0,False
2806,JonasKemmer/astropy,astropy/astropy,2022-04-01T15:23:53Z,2022-04-01T01:09:15Z,2022-04-01T16:35:51Z,0.0,1.0,2022-04-01 16:35:40,0,898,1,0,False
2807,sushia/astropy,astropy/astropy,2022-03-31T04:28:40Z,2022-03-26T19:09:42Z,2022-03-31T02:43:22Z,0.0,1.0,2022-03-31 00:49:40,0,932,0,0,False
2808,alexbinks/astropy,astropy/astropy,2022-03-29T23:28:02Z,2022-03-26T19:09:42Z,2022-03-29T16:54:31Z,0.0,1.0,2022-03-29 16:54:31,0,951,0,0,False
2809,jessiejamiesonphd/astropy,astropy/astropy,2022-03-28T16:34:01Z,2022-04-01T20:17:38Z,2022-04-01T20:17:25Z,0.0,1.0,2022-04-01 20:16:26,0,921,0,0,False
2810,JefftheCloudDog/astropy,astropy/astropy,2022-03-27T18:32:05Z,2022-03-31T00:53:49Z,2022-07-09T20:53:35Z,0.0,1.0,2022-07-09 20:53:00,31,453,0,0,True
2811,Almarranz/astropy,astropy/astropy,2022-03-24T15:08:25Z,2022-03-24T12:25:05Z,2022-03-24T03:54:50Z,0.0,1.0,2022-03-24 03:54:26,0,995,0,0,False
2812,kYwzor/astropy,astropy/astropy,2022-03-16T19:02:47Z,2022-03-15T16:04:31Z,2022-03-18T20:11:58Z,0.0,1.0,2022-03-18 20:11:54,0,1020,8,0,False
2813,sun7451/astropy,astropy/astropy,2022-03-13T06:58:37Z,2022-03-13T02:31:49Z,2022-03-12T16:36:43Z,0.0,1.0,2022-03-11 08:55:45,0,1033,0,0,False
2814,PhyPy-Dm/astropy,astropy/astropy,2022-03-08T06:59:54Z,2022-03-08T06:11:22Z,2022-03-07T22:41:47Z,0.0,1.0,2022-03-06 16:26:41,0,1075,0,0,False
2815,andriyor/astropy,astropy/astropy,2022-03-02T12:49:24Z,2022-03-02T12:49:04Z,2022-03-03T12:27:20Z,0.0,1.0,2022-03-03 12:27:15,0,1122,2,0,False
2816,kiranmenon/astropy,astropy/astropy,2022-02-28T05:48:25Z,2022-02-28T05:21:34Z,2022-02-28T04:42:12Z,0.0,1.0,2022-02-25 23:08:31,0,1138,0,0,False
2817,3Driada/astropy,astropy/astropy,2022-02-26T18:25:58Z,2022-02-26T02:17:50Z,2022-02-25T23:08:31Z,0.0,1.0,2022-02-25 23:08:31,0,1139,0,0,False
2818,kahnack/astropy,astropy/astropy,2022-02-23T18:09:31Z,2022-02-23T18:09:26Z,2022-02-23T16:33:31Z,0.0,1.0,2022-02-23 14:03:11,0,1148,0,0,False
2819,Jovianflux/astropy,astropy/astropy,2022-02-23T15:02:32Z,2022-02-23T09:54:22Z,2022-02-23T14:03:11Z,0.0,1.0,2022-02-23 14:03:11,0,1148,0,0,False
2820,astrobot/astropy,astropy/astropy,2022-02-22T22:45:43Z,2022-02-22T20:34:20Z,2022-02-22T23:00:07Z,0.0,1.0,2022-02-22 23:00:05,1,1152,0,0,False
2821,Shershon25/astropy,astropy/astropy,2022-02-22T14:23:32Z,2022-02-21T21:16:07Z,2022-02-22T14:18:48Z,0.0,1.0,2022-02-19 22:22:49,0,1152,0,0,False
2822,mikeuaike/astropy,astropy/astropy,2022-02-20T19:05:47Z,2022-02-20T06:50:20Z,2022-02-19T22:22:50Z,0.0,1.0,2022-02-19 22:22:49,0,1152,0,0,False
2823,pedrormferreira/astropy,astropy/astropy,2022-02-18T09:29:37Z,2022-06-20T10:05:07Z,2022-06-20T10:04:08Z,0.0,1.0,2022-06-17 21:29:45,0,613,0,0,False
2824,deepchatterjeeligo/astropy,astropy/astropy,2022-02-14T15:53:24Z,2022-02-14T10:16:19Z,2022-02-25T17:11:33Z,0.0,1.0,2022-02-25 17:11:31,9,1187,0,0,False
2825,edose/astropy,astropy/astropy,2022-02-12T04:55:23Z,2022-02-11T02:40:25Z,2022-02-11T16:40:29Z,0.0,1.0,2022-02-08 19:15:42,0,1211,0,0,False
2826,sagarchotalia/astropy,astropy/astropy,2022-02-08T18:24:26Z,2022-02-20T11:48:43Z,2022-02-20T11:48:29Z,0.0,1.0,2022-02-19 22:22:49,0,1188,0,0,False
2827,mdpunch/astropy,astropy/astropy,2022-02-08T09:39:27Z,2022-02-08T05:17:43Z,2022-02-08T05:30:25Z,0.0,1.0,2022-02-04 22:27:54,0,1224,0,0,False
2828,astrollacrosstheuniverse/astropy,astropy/astropy,2022-02-06T16:08:15Z,2022-02-06T09:33:09Z,2022-02-05T12:19:54Z,0.0,1.0,2022-02-04 22:27:54,0,1225,0,0,False
2829,maxinputRo/astropy,astropy/astropy,2022-02-05T15:20:01Z,2022-02-04T19:02:15Z,2022-02-05T12:19:54Z,0.0,1.0,2022-02-04 22:27:54,0,1225,0,0,False
2830,Ayushag1/astropy,astropy/astropy,2022-02-02T07:04:39Z,2022-02-01T05:31:12Z,2022-01-31T22:11:34Z,0.0,1.0,2022-01-31 22:11:33,0,1235,0,0,False
2831,jessemcfarland/astropy,astropy/astropy,2022-01-31T17:39:08Z,2022-01-31T08:14:25Z,2022-01-31T17:04:25Z,0.0,1.0,2022-01-27 22:26:41,0,1237,0,0,False
2832,harshitmahapatra/astropy,astropy/astropy,2022-01-29T20:28:16Z,2022-02-12T17:50:49Z,2022-02-12T17:50:38Z,0.0,1.0,2022-02-08 19:15:42,0,1232,0,0,False
2833,jdhenshaw/astropy,astropy/astropy,2022-01-24T19:19:12Z,2022-01-22T18:47:20Z,2022-01-24T18:48:52Z,0.0,1.0,2022-01-24 17:15:23,0,1269,0,0,False
2834,MarkBruns/astropy,astropy/astropy,2022-01-24T15:10:06Z,2022-01-22T18:47:20Z,2022-01-23T18:49:29Z,0.0,1.0,2022-01-23 18:49:28,0,1270,0,0,False
2835,MycoBean/astropy,astropy/astropy,2022-01-23T19:22:01Z,2022-01-22T18:47:20Z,2022-01-23T18:49:29Z,0.0,1.0,2022-01-23 18:49:28,0,1270,0,0,False
2836,riot19/astropy,astropy/astropy,2022-01-23T14:50:15Z,2022-01-22T18:47:20Z,2022-01-23T05:44:11Z,0.0,1.0,2022-01-23 01:29:25,0,1271,0,0,False
2837,JojoBoulais/astropy,astropy/astropy,2022-01-23T14:20:12Z,2022-01-22T18:47:20Z,2022-01-23T05:44:11Z,0.0,1.0,2022-01-23 01:29:25,0,1271,0,0,False
2838,datajungler/astropy,astropy/astropy,2022-01-22T11:20:23Z,2022-01-22T11:20:21Z,2022-02-03T04:07:34Z,0.0,1.0,2022-01-31 22:11:33,0,1255,0,0,False
2839,EverythingForked/astropy,astropy/astropy,2022-01-21T07:50:41Z,2022-01-21T07:03:09Z,2022-01-21T02:32:28Z,0.0,1.0,2022-01-20 17:30:44,0,1292,0,0,False
2840,cosmonaut1961/astropy,astropy/astropy,2022-01-19T00:19:48Z,2022-01-18T22:00:03Z,2022-01-18T23:37:12Z,0.0,1.0,2022-01-18 20:56:22,0,1311,0,0,False
2841,mfkiwl/astropy,astropy/astropy,2022-01-18T03:55:00Z,2022-01-18T03:54:52Z,2022-01-17T20:36:54Z,0.0,1.0,2022-01-17 20:36:53,0,1321,0,0,False
2842,rajasekaran86/astropy,astropy/astropy,2022-01-17T19:59:39Z,2022-01-17T16:39:08Z,2022-01-17T17:21:24Z,0.0,1.0,2022-01-17 17:21:23,0,1324,0,0,False
2843,YashNandwana/astropy,astropy/astropy,2022-01-17T07:28:53Z,2022-01-17T03:10:53Z,2022-01-17T07:29:12Z,0.0,1.0,2022-01-17 07:25:40,0,1326,0,0,False
2844,picanumber/astropy,astropy/astropy,2022-01-15T17:17:49Z,2022-01-15T12:54:04Z,2022-01-15T15:52:41Z,0.0,1.0,2022-01-15 15:52:40,0,1339,0,0,False
2845,ioannis-toumpoglou/astropy,astropy/astropy,2022-01-15T11:10:16Z,2022-01-15T11:10:13Z,2022-01-15T04:44:46Z,0.0,1.0,2022-01-14 20:44:08,0,1341,0,0,False
2846,DunklesArchipel/astropy,astropy/astropy,2022-01-14T14:48:21Z,2022-01-14T12:51:29Z,2022-01-14T14:43:13Z,0.0,1.0,2022-01-14 14:32:42,0,1353,0,0,False
2847,user01010011/astropy,astropy/astropy,2022-01-14T01:00:02Z,2022-01-14T00:58:26Z,2022-01-14T00:18:55Z,0.0,1.0,2022-01-13 13:09:41,0,1354,0,0,False
2848,TristanStreich/astropy,astropy/astropy,2022-01-13T20:53:54Z,2022-01-13T20:37:00Z,2022-01-13T19:54:12Z,0.0,1.0,2022-01-13 13:09:41,0,1355,0,0,False
2849,madhukarkumarpuresoftware/astropy,astropy/astropy,2022-01-13T10:00:31Z,2022-01-13T09:55:57Z,2022-01-13T10:00:58Z,0.0,1.0,2022-01-13 08:40:20,0,1358,0,0,False
2850,AsclepiusInformatica/astropy,astropy/astropy,2022-01-12T16:50:57Z,2022-01-12T16:31:37Z,2022-01-12T15:32:21Z,0.0,1.0,2022-01-12 14:45:17,0,1375,0,0,False
2851,nunoedgarhubsoftphotoflow/astropy,astropy/astropy,2022-01-12T13:18:26Z,2022-01-12T13:18:43Z,2022-01-12T09:19:52Z,0.0,1.0,2022-01-12 02:07:11,0,1380,0,0,False
2852,Photonics-Precision-Technologies/astropy,astropy/astropy,2022-01-12T13:18:05Z,2022-01-12T13:17:50Z,2022-01-12T09:19:52Z,0.0,1.0,2022-01-12 02:07:11,0,1380,0,0,False
2853,Sniperq2/astropy,astropy/astropy,2022-01-10T20:05:34Z,2022-01-26T21:17:35Z,2022-02-23T14:47:35Z,0.0,1.0,2022-02-23 10:55:18,0,1244,0,0,False
2854,vilardellsalles/astropy,astropy/astropy,2022-01-08T09:10:56Z,2022-01-08T09:10:57Z,2022-01-12T15:32:19Z,0.0,1.0,2022-01-12 15:32:00,0,1422,5,0,False
2855,shebulski/astropy,astropy/astropy,2022-01-07T05:49:20Z,2022-01-07T05:49:21Z,2022-01-06T23:35:01Z,0.0,1.0,2022-01-06 19:46:20,0,1431,0,0,False
2856,gpapam/astropy,astropy/astropy,2022-01-04T09:21:44Z,2022-01-04T09:21:45Z,2022-01-04T04:14:38Z,0.0,1.0,2022-01-03 15:45:27,0,1454,0,0,False
2857,fedraco-gh/astropy,astropy/astropy,2022-01-02T16:44:24Z,2022-01-02T16:44:25Z,2022-01-01T22:36:11Z,0.0,1.0,2021-12-31 10:44:50,0,1460,0,0,False
2858,lmichel/astropy,astropy/astropy,2021-12-29T17:42:52Z,2022-02-01T15:59:47Z,2022-04-21T15:19:39Z,0.0,1.0,2022-04-21 15:19:18,16,1080,0,414,False
2859,TessaI159/astropy,astropy/astropy,2021-12-22T22:06:53Z,2021-12-22T22:06:54Z,2021-12-22T21:37:13Z,0.0,1.0,2021-12-22 17:40:52,0,1554,0,0,False
2860,AlperenCetin0/astropy,astropy/astropy,2021-12-19T18:08:21Z,2021-12-19T18:08:22Z,2021-12-19T18:10:25Z,0.0,1.0,2021-12-19 18:10:25,1,1602,0,0,False
2861,seweissman/astropy,astropy/astropy,2021-12-17T17:25:48Z,2021-12-17T17:25:49Z,2021-12-21T22:09:48Z,0.0,1.0,2021-12-21 22:07:46,0,1590,5,0,False
2862,markabate/astropy,astropy/astropy,2021-12-11T03:30:53Z,2021-12-11T03:30:54Z,2021-12-11T00:30:01Z,0.0,1.0,2021-12-11 00:15:50,0,1624,0,0,False
2863,pkgw/astropy,astropy/astropy,2021-12-10T14:04:45Z,2021-12-10T14:04:47Z,2021-12-10T12:11:33Z,0.0,1.0,2021-12-10 04:14:40,0,1632,0,0,False
2864,hrishikeshnikam2000/astropy,astropy/astropy,2021-12-08T04:57:09Z,2021-12-08T04:57:10Z,2021-12-07T18:54:24Z,0.0,1.0,2021-12-07 13:55:03,0,1656,0,0,False
2865,100303916CAAP/astropy,astropy/astropy,2021-12-06T09:32:25Z,2021-12-06T09:32:27Z,2021-12-05T19:46:43Z,0.0,1.0,2021-12-05 19:46:43,0,1672,0,0,False
2866,krachyon/astropy,astropy/astropy,2021-12-04T21:16:08Z,2021-12-18T12:24:38Z,2022-05-18T11:59:07Z,0.0,1.0,2022-05-17 20:32:50,5,815,11,0,False
2867,neutrinoceros/astropy,astropy/astropy,2021-11-29T13:49:20Z,2022-01-11T14:09:10Z,2022-03-07T09:46:16Z,0.0,1.0,2022-03-06 16:13:24,0,1282,0,0,False
2868,kmosiejczuk/astropy,astropy/astropy,2021-11-19T17:00:49Z,2021-11-19T17:00:50Z,2021-11-19T15:43:07Z,0.0,1.0,2021-11-19 13:56:15,0,1757,0,0,False
2869,kmacdonald-stsci/astropy,astropy/astropy,2021-11-18T18:36:03Z,2022-02-28T16:54:40Z,2022-02-28T16:53:46Z,0.0,1.0,2022-02-25 20:46:34,1,1336,0,0,False
2870,KnightIV/astropy,astropy/astropy,2021-11-18T17:56:47Z,2021-11-18T17:56:48Z,2021-11-18T15:59:08Z,0.0,1.0,2021-11-18 15:02:04,1,1766,0,0,False
2871,TREXJET/astropy,astropy/astropy,2021-11-16T00:40:11Z,2021-11-16T00:40:13Z,2021-11-15T23:53:01Z,0.0,1.0,2021-11-15 23:00:27,1,1777,0,0,False
2872,webbdays/astropy,astropy/astropy,2021-11-09T08:56:26Z,2021-11-22T16:40:51Z,2021-11-24T10:09:14Z,0.0,1.0,2021-11-24 10:09:14,9,1812,0,0,False
2873,rlwastro/astropy,astropy/astropy,2021-11-05T17:07:10Z,2021-11-05T17:07:11Z,2021-11-05T15:52:56Z,0.0,1.0,2021-11-05 15:52:56,0,1887,0,0,False
2874,rosteen/astropy,astropy/astropy,2021-11-03T18:51:57Z,2021-11-09T21:00:46Z,2022-05-26T15:24:36Z,0.0,1.0,2022-05-23 12:45:39,0,924,0,0,False
2875,StuartLittlefair/astropy,astropy/astropy,2021-11-01T10:44:35Z,2022-07-20T08:14:32Z,2022-07-20T08:12:46Z,0.0,1.0,2022-07-19 20:18:56,0,757,0,0,False
2876,Bhavyashu/astropy,astropy/astropy,2021-10-31T11:00:38Z,2021-10-31T11:00:39Z,2021-10-31T10:44:31Z,0.0,1.0,2021-10-31 10:44:30,0,2025,0,0,False
2877,noobkid2411/astropy,astropy/astropy,2021-10-24T11:58:19Z,2021-10-24T11:58:20Z,2021-10-23T20:46:27Z,0.0,1.0,2021-10-22 18:35:13,0,2197,0,0,False
2878,kecnry/astropy,astropy/astropy,2021-10-21T13:02:18Z,2021-10-25T18:08:59Z,2022-03-08T21:16:22Z,0.0,1.0,2022-03-08 21:16:01,9,1407,5,0,False
2879,lvalerom/astropy,astropy/astropy,2021-10-20T17:21:03Z,2021-10-22T14:13:17Z,2022-07-30T09:33:39Z,0.0,1.0,2022-07-29 22:44:48,1,735,0,0,True
2880,skybber/astropy,astropy/astropy,2021-10-19T16:49:54Z,2021-10-19T16:49:56Z,2021-10-19T16:04:20Z,0.0,1.0,2021-10-19 16:01:48,0,2225,0,0,False
2881,taticorrea/astropy,astropy/astropy,2021-10-17T13:54:29Z,2021-10-17T13:54:30Z,2021-10-17T07:02:43Z,0.0,1.0,2021-10-15 16:22:56,0,2245,0,0,False
2882,emirkmo/astropy,astropy/astropy,2021-10-14T11:18:41Z,2022-02-11T12:41:47Z,2022-08-01T00:49:14Z,0.0,1.0,2022-08-01 00:49:11,6,1396,3,0,True
2883,CNwangbin/astropy,astropy/astropy,2021-10-13T02:36:27Z,2021-10-13T02:36:28Z,2021-10-12T22:51:29Z,0.0,1.0,2021-10-12 20:27:30,0,2269,0,0,False
2884,ramstojh/astropy,astropy/astropy,2021-10-09T21:24:33Z,2021-10-09T21:24:34Z,2021-10-09T21:11:23Z,0.0,1.0,2021-10-09 19:17:15,0,2291,0,0,False
2885,2016301470056/astropy,astropy/astropy,2021-10-08T00:42:06Z,2021-10-08T00:42:07Z,2021-10-07T19:52:25Z,0.0,1.0,2021-10-06 18:55:49,0,2299,0,0,False
2886,nihcosnosaj/astropy,astropy/astropy,2021-10-03T20:22:56Z,2021-10-03T20:22:58Z,2021-10-03T18:52:29Z,0.0,1.0,2021-09-28 18:17:10,0,2314,0,0,False
2887,ahayden/astropy,astropy/astropy,2021-10-03T14:19:31Z,2021-10-03T14:19:33Z,2021-10-03T04:44:49Z,0.0,1.0,2021-09-28 18:17:10,0,2316,0,0,False
2888,scfenton6/astropy,astropy/astropy,2021-09-30T21:09:31Z,2021-09-30T21:09:32Z,2021-09-30T19:18:23Z,0.0,1.0,2021-09-28 18:17:10,0,2318,0,0,False
2889,tonyychan/astropy,astropy/astropy,2021-09-29T19:48:23Z,2021-09-29T19:48:24Z,2021-09-29T19:47:43Z,0.0,1.0,2021-09-28 18:17:10,0,2323,0,0,False
2890,MustafaWasif/astropy,astropy/astropy,2021-09-29T19:43:24Z,2021-09-29T19:43:25Z,2021-09-29T18:55:45Z,0.0,1.0,2021-09-28 18:17:10,0,2325,0,0,False
2891,vette-daniel/astropy,astropy/astropy,2021-09-29T19:38:49Z,2021-09-29T19:38:50Z,2021-09-29T18:55:45Z,0.0,1.0,2021-09-28 18:17:10,0,2325,0,0,False
2892,cusitristan/astropy,astropy/astropy,2021-09-29T19:34:04Z,2021-09-29T19:34:05Z,2021-09-29T18:55:45Z,0.0,1.0,2021-09-28 18:17:10,0,2325,0,0,False
2893,NishchintDhawan/astropy,astropy/astropy,2021-09-29T19:33:56Z,2021-09-29T19:33:57Z,2021-09-29T18:55:45Z,0.0,1.0,2021-09-28 18:17:10,0,2325,0,0,False
2894,rbassot/astropy,astropy/astropy,2021-09-29T19:33:15Z,2021-09-29T19:33:16Z,2021-09-29T18:55:45Z,0.0,1.0,2021-09-28 18:17:10,0,2325,0,0,False
2895,Randon511/astropy,astropy/astropy,2021-09-29T19:33:13Z,2021-09-29T19:33:14Z,2021-09-29T18:55:45Z,0.0,1.0,2021-09-28 18:17:10,0,2325,0,0,False
2896,stefan-esquivel/astropy,astropy/astropy,2021-09-29T19:32:47Z,2021-10-24T19:53:47Z,2021-10-24T19:53:38Z,0.0,1.0,2021-10-24 19:53:38,1,2325,0,0,False
2897,bradpickering/astropy,astropy/astropy,2021-09-29T19:32:44Z,2021-09-29T19:32:45Z,2021-09-29T18:55:45Z,0.0,1.0,2021-09-28 18:17:10,0,2325,0,0,False
2898,D-Aldana/astropy,astropy/astropy,2021-09-29T19:32:35Z,2021-09-29T19:32:36Z,2021-09-29T18:55:45Z,0.0,1.0,2021-09-28 18:17:10,0,2325,0,0,False
2899,pphaolu/astropy,astropy/astropy,2021-09-29T09:24:41Z,2021-09-29T09:24:42Z,2021-09-29T05:40:39Z,0.0,1.0,2021-09-28 18:17:10,0,2328,0,0,False
2900,luuuuuuuuul/astropy,astropy/astropy,2021-09-29T09:24:05Z,2021-09-29T09:24:06Z,2021-09-29T05:40:39Z,0.0,1.0,2021-09-28 18:17:10,0,2328,0,0,False
2901,20295599pp/astropy,astropy/astropy,2021-09-29T09:23:35Z,2021-09-29T09:23:36Z,2021-09-29T05:40:39Z,0.0,1.0,2021-09-28 18:17:10,0,2328,0,0,False
2902,ChanJeunlam/astropy,astropy/astropy,2021-09-29T08:40:27Z,2021-09-29T08:40:28Z,2021-09-29T05:40:39Z,0.0,1.0,2021-09-28 18:17:10,0,2328,0,0,False
2903,trslater/astropy,astropy/astropy,2021-09-28T19:36:14Z,2021-09-28T19:36:16Z,2021-09-28T19:18:40Z,0.0,1.0,2021-09-28 18:17:10,0,2328,0,0,False
2904,SolidSnackDrive/astropy,astropy/astropy,2021-09-28T19:35:32Z,2021-09-28T19:35:33Z,2021-09-28T19:18:40Z,0.0,1.0,2021-09-28 18:17:10,0,2328,0,0,False
2905,mohammadm10/astropy,astropy/astropy,2021-09-28T19:35:15Z,2021-09-28T19:35:16Z,2021-09-28T19:18:40Z,0.0,1.0,2021-09-28 18:17:10,0,2328,0,0,False
2906,MorrisonAngus/astropy,astropy/astropy,2021-09-28T19:35:00Z,2021-09-28T19:35:01Z,2021-09-28T19:18:40Z,0.0,1.0,2021-09-28 18:17:10,0,2328,0,0,False
2907,aditya8151/astropy,astropy/astropy,2021-09-28T07:44:26Z,2021-09-28T07:44:27Z,2021-09-28T07:27:14Z,0.0,1.0,2021-09-28 06:40:37,0,2344,0,0,False
2908,Gabriel-p/astropy,astropy/astropy,2021-09-27T13:00:18Z,2021-09-27T13:00:19Z,2021-09-28T14:27:08Z,0.0,1.0,2021-09-28 14:26:58,0,2347,2,0,False
2909,lsxinh/astropy,astropy/astropy,2021-09-25T14:50:43Z,2021-09-25T14:50:44Z,2021-09-25T04:35:19Z,0.0,1.0,2021-09-24 21:43:55,0,2360,0,0,False
2910,ShehanAT/astropy,astropy/astropy,2021-09-24T01:08:12Z,2021-09-24T01:08:14Z,2021-09-24T00:58:21Z,0.0,1.0,2021-09-23 19:14:02,0,2368,0,0,False
2911,erykoff/astropy,astropy/astropy,2021-09-20T20:16:19Z,2021-11-08T17:16:23Z,2021-11-08T17:16:03Z,0.0,1.0,2021-11-06 18:06:49,0,1977,23,0,False
2912,abhhii/astropy,astropy/astropy,2021-09-09T15:05:02Z,2021-09-09T15:05:04Z,2021-09-09T13:48:19Z,0.0,1.0,2021-09-08 20:32:51,0,2427,0,0,False
2913,adrianbayer/astropy,astropy/astropy,2021-09-03T21:13:48Z,2021-09-03T21:13:50Z,2022-06-22T02:37:07Z,0.0,1.0,2022-06-22 02:35:12,1,2458,0,0,True
2914,adivijaykumar/astropy,astropy/astropy,2021-09-03T18:25:54Z,2021-09-03T18:25:55Z,2021-09-03T17:37:04Z,1.0,1.0,2021-09-03 15:07:49,0,2462,0,0,False
2915,kiyami/astropy,astropy/astropy,2021-09-03T13:08:53Z,2021-09-03T13:08:54Z,2021-09-03T11:44:09Z,0.0,1.0,2021-09-02 19:19:39,0,2474,0,0,False
2916,akeemlh/astropy,astropy/astropy,2021-08-31T15:21:09Z,2022-02-12T11:29:45Z,2022-02-12T11:27:57Z,0.0,1.0,2022-02-08 19:15:42,0,1557,0,0,False
2917,hercules261188/astropy,astropy/astropy,2021-08-29T04:58:01Z,2021-08-29T04:58:02Z,2021-08-29T01:22:32Z,0.0,1.0,2021-08-27 17:55:16,0,2504,0,0,False
2918,Rohan-cod/astropy,astropy/astropy,2021-08-28T10:25:01Z,2021-08-28T10:25:02Z,2021-08-28T03:55:55Z,0.0,1.0,2021-08-27 17:55:16,0,2505,0,0,False
2919,Digital-Black/astropy,astropy/astropy,2021-08-24T21:43:29Z,2021-08-30T03:06:26Z,2021-08-30T03:06:23Z,0.0,1.0,2021-08-29 16:30:22,0,2519,0,0,False
2920,schwabfour/astropy,astropy/astropy,2021-08-19T19:24:02Z,2021-08-19T19:24:02Z,2021-08-19T18:24:22Z,0.0,1.0,2021-08-19 18:24:22,0,2582,0,0,False
2921,vlakir/astropy,astropy/astropy,2021-08-19T09:42:16Z,2021-08-19T09:42:49Z,2021-08-19T08:24:46Z,0.0,1.0,2021-08-19 08:21:56,0,2592,0,0,False
2922,siddheshbandgar/astropy,astropy/astropy,2021-08-18T19:00:59Z,2021-08-18T19:01:00Z,2021-08-18T18:21:53Z,0.0,1.0,2021-08-18 17:54:15,0,2606,0,0,False
2923,ConorMacBride/astropy,astropy/astropy,2021-08-15T16:49:12Z,2021-11-18T18:05:59Z,2022-06-25T16:13:00Z,0.0,1.0,2022-06-24 18:34:03,2,900,0,0,True
2924,kboone/astropy,astropy/astropy,2021-08-13T01:25:51Z,2021-08-13T01:25:54Z,2021-08-12T16:07:01Z,0.0,1.0,2021-08-12 16:07:01,0,2646,0,0,False
2925,ml-cv-123/astropy,astropy/astropy,2021-08-01T11:11:53Z,2021-08-01T11:11:54Z,2021-08-01T04:16:46Z,0.0,1.0,2021-07-30 15:01:08,1,2747,0,0,False
2926,broulston/astropy,astropy/astropy,2021-07-30T14:26:44Z,2022-03-27T19:52:44Z,2022-08-01T01:43:09Z,0.0,1.0,2022-08-01 01:43:06,6,1437,0,0,True
2927,engagement-team-CI/astropy,astropy/astropy,2021-07-29T16:19:08Z,2021-08-31T21:55:33Z,2021-12-13T19:53:51Z,0.0,1.0,2021-12-13 19:53:51,6,2763,0,0,False
2928,bablu710/astropy,astropy/astropy,2021-07-29T14:27:19Z,2021-07-29T14:27:20Z,2021-07-29T14:08:27Z,0.0,1.0,2021-07-29 13:33:03,1,2763,0,0,False
2929,gavodachs/astropy,astropy/astropy,2021-07-28T12:15:44Z,2021-07-28T12:15:46Z,2021-08-02T06:42:33Z,0.0,1.0,2021-08-02 06:42:21,1,2778,1,0,False
2930,zachar1a/astropy,astropy/astropy,2021-07-24T05:00:41Z,2021-07-24T05:00:42Z,2021-07-23T22:35:39Z,0.0,1.0,2021-07-23 20:11:52,2,2802,0,0,False
2931,luzpaz/astropy,astropy/astropy,2021-07-22T01:47:21Z,2021-10-28T11:32:42Z,2021-10-28T11:32:17Z,0.0,1.0,2021-10-27 20:36:54,0,2273,0,0,False
2932,lastephey/astropy,astropy/astropy,2021-07-17T16:11:02Z,2021-07-17T16:11:03Z,2022-04-20T17:11:45Z,0.0,1.0,2022-04-20 17:11:37,1,1287,9,0,False
2933,mzhengxi/astropy,astropy/astropy,2021-07-17T16:09:53Z,2021-07-17T16:09:54Z,2021-07-17T19:09:25Z,0.0,1.0,2021-07-17 19:08:50,4,2845,0,0,False
2934,Rudrak3/astropy,astropy/astropy,2021-07-17T04:30:12Z,2021-07-17T04:30:14Z,2021-07-16T21:12:13Z,0.0,1.0,2021-07-16 17:56:42,1,2845,0,0,False
2935,oda-hub/astropy,astropy/astropy,2021-07-16T15:40:53Z,2021-07-16T15:41:25Z,2021-08-17T18:01:02Z,0.0,1.0,2021-08-03 19:29:50,5,2786,0,0,False
2936,sitedata/astropy,astropy/astropy,2021-07-13T00:09:08Z,2021-07-13T00:09:10Z,2021-07-24T20:20:53Z,0.0,1.0,2021-07-24 20:20:48,2,2877,0,0,False
2937,keatonb/astropy,astropy/astropy,2021-07-11T19:21:55Z,2021-07-11T19:21:56Z,2021-07-11T14:13:14Z,0.0,1.0,2021-07-09 21:02:40,1,2878,0,0,False
2938,aleksandr-bakanov/astropy,astropy/astropy,2021-07-07T15:47:35Z,2021-07-07T15:47:37Z,2021-07-07T04:01:57Z,0.0,1.0,2021-07-06 15:27:12,2,2898,0,0,False
2939,Sayfey/astropy,astropy/astropy,2021-07-06T07:57:18Z,2021-07-06T07:57:20Z,2021-07-05T22:09:53Z,0.0,1.0,2021-07-05 18:25:10,2,2909,0,0,False
2940,kgozman6159/astropy,astropy/astropy,2021-07-02T22:59:37Z,2021-07-02T22:59:38Z,2021-07-02T17:50:20Z,0.0,1.0,2021-07-02 17:28:58,2,2919,0,0,False
2941,EnthalpyBill/astropy,astropy/astropy,2021-06-28T14:39:06Z,2021-06-28T14:39:07Z,2021-06-30T05:55:25Z,0.0,1.0,2021-06-28 13:58:19,2,2951,0,0,False
2942,sjyu1988/astropy,astropy/astropy,2021-06-25T14:50:27Z,2021-06-25T14:50:29Z,2021-06-25T03:22:11Z,0.0,1.0,2021-06-23 20:00:57,2,2969,0,0,False
2943,vandalt/astropy,astropy/astropy,2021-06-21T12:06:10Z,2022-02-23T20:19:24Z,2022-02-23T20:21:18Z,0.0,1.0,2022-02-23 10:55:18,1,1602,0,0,False
2944,BenjaminMoreau2000/astropy,astropy/astropy,2021-06-10T17:08:13Z,2021-06-10T17:08:14Z,2021-06-10T13:59:27Z,0.0,1.0,2021-06-10 13:59:27,1,3057,0,0,False
2945,Flawintheory/astropy,astropy/astropy,2021-06-05T07:00:41Z,2021-06-05T07:00:41Z,2021-06-04T20:28:30Z,0.0,1.0,2021-06-04 20:28:30,1,3083,0,0,False
2946,xuanxu/astropy,astropy/astropy,2021-05-28T11:14:33Z,2021-05-28T11:14:34Z,2021-05-27T23:09:19Z,0.0,1.0,2021-05-27 16:52:52,2,3115,1,0,False
2947,byrdie/astropy,astropy/astropy,2021-05-26T00:25:35Z,2022-02-24T23:15:30Z,2022-08-04T15:13:15Z,0.0,1.0,2022-08-04 15:13:05,3,866,1,0,True
2948,Cosmopal/astropy,astropy/astropy,2021-05-25T20:54:09Z,2021-05-25T20:54:10Z,2021-05-25T20:13:43Z,0.0,1.0,2021-05-25 19:30:34,2,3148,1,0,False
2949,GregulasMaximus/astropy,astropy/astropy,2021-05-24T19:07:17Z,2021-05-24T19:07:17Z,2021-05-24T19:05:48Z,0.0,1.0,2021-05-24 17:39:54,2,3155,1,0,False
2950,AthulJoshi/astropy,astropy/astropy,2021-05-23T10:50:21Z,2021-05-23T10:50:22Z,2021-06-21T11:40:54Z,0.0,1.0,2021-06-21 11:37:00,2,3153,3,0,False
2951,meeseeksmachine/astropy,astropy/astropy,2021-05-20T20:27:46Z,2021-05-20T20:27:47Z,2022-08-21T16:54:38Z,0.0,1.0,2022-08-27 01:02:36,20,369,311,0,True
2952,IntPlanet/astropy,astropy/astropy,2021-05-18T02:25:16Z,2021-05-18T02:25:17Z,2021-05-18T02:25:30Z,0.0,1.0,2021-05-12 21:02:53,2,3218,0,0,False
2953,svank/astropy,astropy/astropy,2021-05-17T18:48:39Z,2022-04-08T15:14:47Z,2022-07-15T20:59:09Z,0.0,1.0,2022-07-14 14:25:13,10,905,5,0,True
2954,anpfeife/astropy,astropy/astropy,2021-05-15T00:27:28Z,2021-05-15T00:27:29Z,2021-05-14T21:28:06Z,0.0,1.0,2021-05-21 09:44:10,2,3198,0,0,False
2955,odidev/astropy,astropy/astropy,2021-05-12T08:32:25Z,2022-02-09T07:42:06Z,2022-02-10T12:05:08Z,0.0,1.0,2022-02-10 12:04:41,7,1659,0,0,False
2956,MeiLinLee/astropy,astropy/astropy,2021-05-11T22:59:10Z,2021-10-22T07:49:34Z,2021-05-11T20:31:45Z,0.0,1.0,2021-05-11 15:44:46,1,3252,0,0,False
2957,dishasrivastavapuresoftware/astropy,astropy/astropy,2021-05-10T07:48:36Z,2021-05-12T07:17:06Z,2021-05-12T07:17:03Z,0.0,1.0,2021-05-12 07:17:03,16,3279,0,0,False
2958,DinoBektesevic/astropy,astropy/astropy,2021-05-09T03:30:24Z,2021-05-11T20:04:47Z,2021-05-11T20:17:17Z,0.0,1.0,2021-05-11 20:17:11,4,3270,0,0,False
2959,Hirni-Meshram2/astropy,astropy/astropy,2021-05-07T13:52:30Z,2021-05-07T13:54:20Z,2021-05-07T13:54:10Z,0.0,1.0,2021-05-07 13:54:10,3,3295,0,0,False
2960,srirajshukla/astropy,astropy/astropy,2021-05-02T03:42:28Z,2021-05-02T03:42:30Z,2021-05-01T21:33:37Z,0.0,1.0,2021-05-01 16:48:11,1,3374,0,0,False
2961,seberg/astropy,astropy/astropy,2021-05-01T00:23:33Z,2021-05-01T00:23:34Z,2021-05-01T00:08:38Z,0.0,1.0,2021-04-30 23:28:41,1,3393,0,0,False
2962,mkbrewer/astropy,astropy/astropy,2021-04-29T21:50:50Z,2022-06-22T15:23:49Z,2022-07-27T20:24:25Z,0.0,1.0,2022-06-17 21:29:45,1,1044,0,0,True
2963,rikvl/astropy,astropy/astropy,2021-04-20T02:39:02Z,2021-10-09T06:29:20Z,2021-10-09T06:28:00Z,0.0,1.0,2021-10-06 18:55:49,1,2534,3,0,False
2964,Carreau/astropy,astropy/astropy,2021-04-17T03:59:18Z,2021-04-17T03:59:19Z,2021-04-18T22:15:29Z,0.0,1.0,2021-04-18 22:11:05,3,3675,1,0,False
2965,jeffreypaul15/astropy,astropy/astropy,2021-04-16T13:08:28Z,2021-04-16T13:08:30Z,2021-04-16T12:02:48Z,0.0,1.0,2021-04-16 12:02:47,1,3718,0,0,False
2966,ThomasStencel/astropy,astropy/astropy,2021-04-13T09:54:54Z,2021-04-13T09:54:56Z,2021-04-13T06:40:05Z,0.0,1.0,2021-04-13 06:40:04,1,3819,0,0,False
2967,SpaceElements/astropy,astropy/astropy,2021-04-12T20:40:57Z,2021-04-12T20:40:58Z,2021-04-12T20:31:44Z,0.0,1.0,2021-04-12 19:37:50,1,3838,0,0,False
2968,ajoubertza/astropy,astropy/astropy,2021-04-12T14:10:13Z,2021-04-12T14:10:14Z,2021-04-12T13:50:43Z,0.0,1.0,2021-04-12 12:36:41,1,3853,0,0,False
2969,nitish705702/astropy,astropy/astropy,2021-04-07T05:45:58Z,2021-04-07T06:44:36Z,2021-04-07T06:44:28Z,0.0,1.0,2021-04-07 06:44:28,2,3919,0,0,False
2970,justintran12/astropy,astropy/astropy,2021-04-06T21:49:51Z,2021-04-06T21:49:52Z,2021-04-06T21:14:24Z,0.0,1.0,2021-04-06 19:53:28,1,3922,0,0,False
2971,bigbuttslimited/astropy,astropy/astropy,2021-04-05T09:07:10Z,2021-04-05T09:07:11Z,2021-04-05T09:08:58Z,0.0,1.0,2021-04-05 09:08:58,2,3949,0,0,False
2972,parinj05/astropy,astropy/astropy,2021-04-04T00:00:02Z,2021-04-04T00:00:03Z,2021-04-04T00:22:56Z,0.0,1.0,2021-04-04 00:20:44,2,3950,0,0,False
2973,Dracatty/astropy,astropy/astropy,2021-04-02T20:30:21Z,2021-04-02T20:30:22Z,2021-04-02T20:28:16Z,0.0,1.0,2021-04-02 19:57:02,1,3964,0,0,False
2974,Suyog7130/astropy,astropy/astropy,2021-04-02T19:06:51Z,2022-03-01T12:46:34Z,2022-03-01T12:44:38Z,0.0,1.0,2022-02-28 19:29:55,113,1630,39,0,False
2975,hrnciar/astropy,astropy/astropy,2021-04-01T07:41:09Z,2021-04-01T07:41:11Z,2021-04-01T08:13:30Z,0.0,1.0,2021-04-01 08:11:27,2,3981,0,0,False
2976,Christagle/astropy,astropy/astropy,2021-03-30T19:55:01Z,2021-03-30T19:55:02Z,2021-03-30T19:45:12Z,0.0,1.0,2021-03-29 20:22:44,0,3993,0,0,False
2977,Anubhav1107/astropy,astropy/astropy,2021-03-30T12:06:26Z,2021-03-30T12:06:28Z,2021-03-30T12:03:23Z,0.0,1.0,2021-03-29 20:22:44,0,3994,0,0,False
2978,bhavyakh/astropy,astropy/astropy,2021-03-28T14:16:40Z,2021-04-17T16:05:17Z,2021-04-23T12:31:45Z,0.0,1.0,2021-04-17 15:46:14,2,3762,5,0,False
2979,nblintao/astropy,astropy/astropy,2021-03-28T05:15:18Z,2021-03-28T05:15:19Z,2021-03-27T22:44:53Z,0.0,1.0,2021-03-27 22:25:30,0,4006,0,0,False
2980,skulumani/astropy,astropy/astropy,2021-03-25T00:36:38Z,2021-03-25T00:36:40Z,2021-03-25T00:42:43Z,0.0,1.0,2021-03-25 00:40:26,2,4028,1,0,False
2981,iCodeIN/astropy,astropy/astropy,2021-03-23T18:18:11Z,2021-03-23T18:18:12Z,2021-03-23T14:40:01Z,0.0,1.0,2021-03-23 13:41:09,2,4034,0,0,False
2982,abulatek/astropy,astropy/astropy,2021-03-22T17:07:59Z,2021-08-12T20:28:01Z,2021-08-12T20:27:34Z,0.0,1.0,2021-08-12 15:13:23,1,2904,0,0,False
2983,maggiesam/astropy,astropy/astropy,2021-03-20T19:49:46Z,2021-03-20T19:49:47Z,2021-03-20T19:53:37Z,0.0,1.0,2021-03-20 19:53:37,1,4037,1,0,False
2984,GabrielWendell/astropy,astropy/astropy,2021-03-20T00:06:01Z,2021-03-20T00:06:02Z,2021-03-19T23:49:54Z,0.0,1.0,2021-03-19 21:45:46,1,4039,0,0,False
2985,WilliamJamieson/astropy,astropy/astropy,2021-03-17T13:18:54Z,2022-01-10T19:02:15Z,2022-08-15T18:10:52Z,0.0,1.0,2022-08-15 18:10:52,250,863,11,0,True
2986,msdemlei/astropy,astropy/astropy,2021-03-17T11:28:31Z,2021-03-23T13:42:59Z,2021-03-23T13:42:56Z,0.0,1.0,2021-03-23 13:42:51,8,4052,0,0,False
2987,ShubhamShaswat/astropy,astropy/astropy,2021-03-15T13:36:07Z,2021-03-15T13:36:08Z,2021-03-15T12:01:00Z,0.0,1.0,2021-03-10 00:16:42,0,4056,0,0,False
2988,lboschman/astropy,astropy/astropy,2021-03-10T21:17:41Z,2021-03-10T21:17:43Z,2021-03-10T15:28:35Z,0.0,1.0,2021-03-10 00:16:42,0,4060,0,0,False
2989,halehhajizadeh/astropy,astropy/astropy,2021-03-08T19:16:59Z,2021-03-10T21:46:29Z,2021-03-10T21:46:19Z,0.0,1.0,2021-03-10 21:46:19,2,4068,0,0,False
2990,utmcontent/astropy,astropy/astropy,2021-03-08T00:23:23Z,2021-03-08T00:23:24Z,2021-03-06T21:45:01Z,0.0,1.0,2021-03-06 21:45:00,0,4070,0,0,False
2991,hkberlin/astropy,astropy/astropy,2021-03-07T18:12:27Z,2021-03-07T18:12:28Z,2021-03-06T21:45:01Z,0.0,1.0,2021-03-06 21:45:00,0,4070,0,0,False
2992,kokke/astropy,astropy/astropy,2021-03-05T20:47:33Z,2021-03-05T21:19:31Z,2021-03-05T21:20:44Z,0.0,1.0,2021-03-05 21:20:44,3,4072,0,0,False
2993,ismaelharunid/astropy,astropy/astropy,2021-03-05T10:43:04Z,2021-03-05T10:43:05Z,2021-03-05T05:26:39Z,0.0,1.0,2021-03-03 20:48:56,0,4074,0,0,False
2994,perrygreenfield/astropy,astropy/astropy,2021-03-02T18:55:42Z,2021-03-02T18:55:43Z,2021-03-03T21:40:14Z,0.0,1.0,2021-03-03 21:40:02,0,4079,3,0,False
2995,MilesCranmer/astropy,astropy/astropy,2021-03-02T08:29:00Z,2021-04-08T20:00:10Z,2021-04-08T20:00:07Z,0.0,1.0,2021-04-08 19:59:59,27,4084,0,0,False
2996,persianyagami90xs/astropy,astropy/astropy,2021-02-23T19:50:57Z,2021-02-23T19:50:59Z,2021-02-23T18:38:41Z,0.0,1.0,2021-02-22 22:36:26,0,4113,0,0,False
2997,Tryweirder/astropy,astropy/astropy,2021-02-21T14:32:26Z,2021-02-21T14:32:57Z,2021-02-21T14:04:10Z,0.0,1.0,2021-02-20 23:07:47,0,4121,0,0,False
2998,israelmcmc/astropy,astropy/astropy,2021-02-20T15:02:03Z,2021-02-20T15:02:05Z,2021-02-20T11:39:48Z,0.0,1.0,2021-02-19 14:49:51,0,4137,0,0,False
2999,Sayantan108/astropy,astropy/astropy,2021-02-19T07:08:39Z,2021-02-19T07:08:40Z,2021-02-19T01:32:21Z,0.0,1.0,2021-02-17 18:08:19,0,4144,0,0,False
3000,jklymak/astropy,astropy/astropy,2021-02-16T23:44:37Z,2021-02-16T23:44:38Z,2021-02-16T22:42:29Z,0.0,1.0,2021-02-16 20:50:25,0,4149,0,0,False
3001,jpmorgen/astropy,astropy/astropy,2021-02-13T13:36:13Z,2022-04-11T13:49:21Z,2022-04-11T13:47:22Z,0.0,1.0,2022-04-11 12:25:39,9,1473,0,0,False
3002,acenko/astropy,astropy/astropy,2021-02-09T17:33:36Z,2021-02-09T17:33:38Z,2021-02-10T23:04:21Z,0.0,1.0,2021-02-10 23:04:03,2,4166,0,0,False
3003,adwaitbhope/astropy,astropy/astropy,2021-02-08T14:39:05Z,2021-02-08T14:39:06Z,2021-02-08T14:10:58Z,0.0,1.0,2021-02-08 14:10:58,0,4172,0,0,False
3004,legau/astropy,astropy/astropy,2021-02-03T11:34:46Z,2021-02-03T11:34:48Z,2021-04-05T22:44:06Z,0.0,1.0,2021-04-05 22:42:37,0,4048,2,0,False
3005,sagarjain2030/astropy,astropy/astropy,2021-02-02T05:00:56Z,2021-07-21T12:22:54Z,2021-07-21T12:21:42Z,0.0,1.0,2021-07-21 01:25:03,0,3029,0,0,False
3006,okechukwu001/astropy,astropy/astropy,2021-01-25T15:50:25Z,2021-01-25T15:50:27Z,2021-01-25T15:02:01Z,0.0,1.0,2021-01-22 11:22:27,0,4258,0,0,False
3007,yogeshsangtani/astropy,astropy/astropy,2021-01-22T18:24:40Z,2021-01-22T18:24:42Z,2021-01-22T11:22:28Z,0.0,1.0,2021-01-22 11:22:27,0,4260,0,0,False
3008,0xCoto/astropy,astropy/astropy,2021-01-21T14:17:07Z,2021-01-21T14:17:09Z,2021-01-21T12:00:19Z,0.0,1.0,2021-01-18 19:52:52,0,4270,0,0,False
3009,kc611/astropy,astropy/astropy,2021-01-18T05:30:58Z,2021-01-18T05:31:00Z,2021-01-18T01:55:54Z,0.0,1.0,2021-01-17 20:32:53,0,4285,0,0,False
3010,indranilm256/astropy,astropy/astropy,2021-01-17T18:22:37Z,2021-08-16T07:38:56Z,2021-08-16T07:37:41Z,0.0,1.0,2021-08-13 20:54:20,1,2921,0,0,False
3011,vrodgom/astropy,astropy/astropy,2021-01-16T23:06:19Z,2021-01-16T23:06:21Z,2021-01-16T18:08:00Z,0.0,1.0,2021-01-16 18:07:58,0,4289,0,0,False
3012,obulabulabula/astropy,astropy/astropy,2021-01-13T06:09:36Z,2021-01-13T06:09:38Z,2021-01-12T23:18:53Z,0.0,1.0,2021-01-12 23:18:51,0,4319,0,0,False
3013,Nirmay53/astropy,astropy/astropy,2021-01-11T17:07:22Z,2021-01-11T17:07:24Z,2021-01-11T16:46:08Z,0.0,1.0,2021-01-08 22:32:40,0,4339,0,0,False
3014,Akshat1Nar/astropy,astropy/astropy,2021-01-11T06:22:40Z,2021-03-09T15:40:01Z,2021-05-06T15:53:37Z,0.0,1.0,2021-05-06 15:53:28,13,3428,11,0,False
3015,DevinDeSilva/astropy,astropy/astropy,2021-01-05T19:21:21Z,2021-01-05T19:21:23Z,2021-01-05T17:05:26Z,0.0,1.0,2021-01-05 17:05:24,0,4372,0,0,False
3016,niya210/astropy,astropy/astropy,2021-01-05T14:38:36Z,2021-01-05T14:38:38Z,2021-01-05T12:33:42Z,0.0,1.0,2021-01-04 10:17:09,0,4373,0,0,False
3017,aragilar/astropy,astropy/astropy,2021-01-05T06:07:25Z,2022-04-20T01:49:46Z,2022-04-22T17:16:53Z,0.0,1.0,2022-04-22 17:16:53,4,1305,5,0,False
3018,centarsirius/astropy,astropy/astropy,2021-01-02T13:36:22Z,2021-01-02T13:36:24Z,2021-01-01T12:02:27Z,0.0,1.0,2021-01-01 12:02:26,0,4390,0,0,False
3019,DhruvSondhi/astropy,astropy/astropy,2021-01-01T09:25:28Z,2021-01-01T09:25:30Z,2021-01-01T04:04:42Z,0.0,1.0,2020-12-31 19:40:47,0,4394,0,0,False
3020,astroparam/astropy,astropy/astropy,2020-12-31T04:18:20Z,2020-12-31T04:18:22Z,2020-12-31T04:03:06Z,0.0,1.0,2020-12-30 19:17:40,0,4424,0,0,False
3021,Fernandes2692/astropy,astropy/astropy,2020-12-29T23:38:07Z,2020-12-29T23:38:09Z,2020-12-29T20:07:18Z,0.0,1.0,2020-12-29 20:07:16,0,4428,0,0,False
3022,sibirrer/astropy,astropy/astropy,2020-12-28T04:28:44Z,2020-12-28T04:28:47Z,2020-12-28T01:22:05Z,0.0,1.0,2020-12-24 21:00:46,0,4448,0,0,False
3023,m20was/astropy,astropy/astropy,2020-12-22T18:13:11Z,2020-12-22T18:13:13Z,2020-12-22T15:38:21Z,0.0,1.0,2020-12-21 22:04:27,0,4463,0,0,False
3024,JaydenB0/astropy,astropy/astropy,2020-12-21T21:18:31Z,2020-12-22T22:01:48Z,2020-12-22T22:05:00Z,0.0,1.0,2020-12-22 22:04:45,1,4467,0,0,False
3025,Amogh-Dasture/astropy,astropy/astropy,2020-12-19T18:23:13Z,2020-12-19T18:23:15Z,2020-12-20T16:16:20Z,0.0,1.0,2020-12-20 16:16:10,7,4472,0,0,False
3026,NikitaTewary/astropy,astropy/astropy,2020-12-16T04:17:14Z,2020-12-22T14:12:44Z,2021-03-31T11:22:13Z,0.0,1.0,2021-03-31 11:21:58,6,4194,2,0,False
3027,rayanht/astropy,astropy/astropy,2020-12-14T00:56:07Z,2020-12-14T00:56:10Z,2020-12-13T19:31:40Z,0.0,1.0,2020-12-13 19:31:38,0,4495,0,0,False
3028,nikJ13/astropy,astropy/astropy,2020-12-12T11:11:22Z,2020-12-12T11:11:24Z,2020-12-11T19:07:19Z,0.0,1.0,2020-12-11 01:40:01,0,4500,0,0,False
3029,Basdorsman/astropy,astropy/astropy,2020-12-08T14:54:04Z,2020-12-08T14:54:06Z,2020-12-09T08:20:50Z,0.0,1.0,2020-12-08 14:38:41,0,4525,0,0,False
3030,jbmorgado/astropy,astropy/astropy,2020-12-07T09:54:13Z,2020-12-07T09:54:14Z,2020-12-08T15:35:37Z,0.0,1.0,2020-12-08 15:35:15,2,4550,0,0,False
3031,stvguest/astropy,astropy/astropy,2020-12-07T09:50:33Z,2020-12-07T09:50:35Z,2020-12-11T10:09:30Z,0.0,1.0,2020-12-05 02:38:09,0,4550,0,0,False
3032,fdulwich/astropy,astropy/astropy,2020-12-07T09:49:17Z,2020-12-07T09:49:20Z,2020-12-07T09:23:59Z,0.0,1.0,2020-12-05 02:38:09,0,4550,0,0,False
3033,mnijhuis-tos/astropy,astropy/astropy,2020-12-07T09:49:01Z,2020-12-07T09:49:03Z,2021-11-18T14:42:26Z,0.0,1.0,2020-12-05 02:38:09,0,4550,0,0,False
3034,karlwessel/astropy,astropy/astropy,2020-12-07T07:24:57Z,2020-12-07T07:24:59Z,2022-04-15T06:42:02Z,0.0,1.0,2022-04-15 06:41:21,6,1496,4,0,False
3035,dishitarocks/astropy,astropy/astropy,2020-12-05T09:25:17Z,2020-12-05T09:25:19Z,2020-12-05T02:38:10Z,0.0,1.0,2020-12-05 02:38:09,0,4558,0,0,False
3036,cmarmo/astropy,astropy/astropy,2020-12-04T07:38:49Z,2022-04-05T21:12:01Z,2022-08-21T00:22:36Z,0.0,1.0,2022-08-25 21:24:19,11,937,0,0,True
3037,homeboy445/astropy,astropy/astropy,2020-12-02T14:07:55Z,2020-12-02T14:07:58Z,2020-12-23T15:17:42Z,0.0,1.0,2020-12-23 15:15:39,1,4521,1,0,False
3038,jmmaljaars/astropy,astropy/astropy,2020-12-01T07:43:20Z,2020-12-01T07:43:23Z,2021-01-06T06:22:05Z,0.0,1.0,2021-01-06 06:20:38,2,4482,5,0,False
3039,robertdigital/astropy,astropy/astropy,2020-11-30T18:18:08Z,2020-11-30T18:18:10Z,2020-11-30T18:05:36Z,0.0,1.0,2020-11-30 13:52:10,2,4595,0,0,False
3040,mathisme/astropy,astropy/astropy,2020-11-27T17:05:29Z,2020-11-27T17:05:32Z,2020-11-27T15:43:18Z,0.0,1.0,2020-11-26 20:11:04,2,4621,0,0,False
3041,thermostatix/astropy,astropy/astropy,2020-11-27T10:57:22Z,2020-11-27T10:57:24Z,2021-04-19T19:43:47Z,0.0,1.0,2021-04-19 18:50:27,3,4623,0,0,False
3042,kcnklub/astropy,astropy/astropy,2020-11-24T04:09:24Z,2020-11-24T04:09:27Z,2020-11-24T01:41:27Z,0.0,1.0,2020-11-23 20:28:01,0,4683,0,0,False
3043,piersharding/astropy,astropy/astropy,2020-11-23T08:32:53Z,2020-12-07T09:54:05Z,2020-12-07T09:53:49Z,0.0,1.0,2020-12-05 02:38:09,0,4614,0,0,False
3044,alex-w/astropy,astropy/astropy,2020-11-21T20:08:47Z,2021-04-06T20:34:35Z,2021-04-07T19:43:34Z,0.0,1.0,2021-04-06 19:53:28,0,4189,0,0,False
3045,nguyenquangchien/astropy,astropy/astropy,2020-11-21T13:12:09Z,2020-11-21T13:12:12Z,2020-11-21T03:10:05Z,0.0,1.0,2020-11-20 00:13:14,0,4704,0,0,False
3046,TheBuffer/astropy,astropy/astropy,2020-11-20T09:42:37Z,2020-11-20T09:42:40Z,2020-11-20T02:28:08Z,0.0,1.0,2020-11-20 00:13:14,0,4707,0,0,False
3047,josemauro/astropy,astropy/astropy,2020-11-19T21:01:16Z,2020-11-19T21:01:20Z,2020-11-19T20:21:09Z,0.0,1.0,2020-11-19 18:12:34,0,4712,0,0,False
3048,Apoorve73/astropy,astropy/astropy,2020-11-19T02:00:18Z,2020-11-19T02:00:21Z,2020-11-19T02:01:30Z,0.0,1.0,2020-11-19 02:01:26,2,4718,0,0,False
3049,doytsujin/astropy,astropy/astropy,2020-11-13T20:16:08Z,2020-11-13T20:16:10Z,2020-11-13T17:47:22Z,0.0,1.0,2020-11-13 17:47:20,0,4763,0,0,False
3050,kali-maa/astropy,astropy/astropy,2020-10-31T01:10:05Z,2021-04-06T18:47:06Z,2021-04-06T18:47:04Z,0.0,1.0,2021-04-06 18:47:04,104,4738,0,0,False
3051,ysBach/astropy,astropy/astropy,2020-10-28T07:32:54Z,2020-10-28T07:32:57Z,2020-10-28T07:50:03Z,0.0,1.0,2020-10-27 19:45:47,1,4915,0,0,False
3052,RNiq/astropy,astropy/astropy,2020-10-28T03:20:29Z,2020-10-28T03:20:31Z,2020-10-28T02:46:31Z,0.0,1.0,2020-10-27 19:45:47,1,4915,0,0,False
3053,orionlee/astropy,astropy/astropy,2020-10-27T03:21:27Z,2022-04-01T00:24:17Z,2022-05-27T17:21:59Z,0.0,1.0,2022-05-27 17:21:36,18,1256,3,0,False
3054,DiegoAsterio/astropy,astropy/astropy,2020-10-24T11:33:55Z,2021-05-04T02:13:33Z,2021-05-04T02:13:30Z,0.0,1.0,2021-05-04 02:13:21,0,3556,3,0,False
3055,Palash-Patole/astropy,astropy/astropy,2020-10-23T09:27:56Z,2020-10-23T09:27:58Z,2020-10-23T08:54:36Z,0.0,1.0,2020-10-23 04:04:14,0,5042,0,0,False
3056,UdokaVrede/astropy,astropy/astropy,2020-10-20T17:05:18Z,2020-10-20T17:05:20Z,2020-10-20T16:59:41Z,0.0,1.0,2020-10-20 15:06:58,0,5124,0,0,False
3057,drocpdp/astropy,astropy/astropy,2020-10-19T23:22:27Z,2020-10-19T23:22:29Z,2020-10-19T23:14:08Z,0.0,1.0,2020-10-19 21:23:51,1,5132,0,0,False
3058,flyingfrog81/astropy,astropy/astropy,2020-10-19T14:55:34Z,2020-12-07T10:02:47Z,2020-12-07T10:02:26Z,0.0,1.0,2020-12-05 02:38:09,1,4677,0,0,False
3059,sebaucillon/astropy,astropy/astropy,2020-10-18T16:46:53Z,2020-10-18T16:46:55Z,2020-10-18T16:41:10Z,0.0,1.0,2020-10-17 15:10:47,1,5140,0,0,False
3060,kvenkman/astropy,astropy/astropy,2020-10-18T06:56:20Z,2020-11-11T16:44:55Z,2020-11-11T16:44:52Z,0.0,1.0,2020-11-11 15:04:17,1,4864,0,0,False
3061,CosmicTiger/astropy,astropy/astropy,2020-10-15T17:38:34Z,2020-10-15T17:38:36Z,2020-10-22T06:02:47Z,0.0,1.0,2020-10-22 06:01:59,3,5204,0,0,False
3062,kerel-fs/astropy,astropy/astropy,2020-10-14T15:16:10Z,2020-10-14T15:16:12Z,2020-10-14T15:02:51Z,0.0,1.0,2020-10-14 10:21:14,1,5236,0,0,False
3063,rpsfonseca/astropy,astropy/astropy,2020-10-13T16:24:25Z,2020-10-13T16:24:28Z,2020-12-01T15:00:48Z,0.0,1.0,2020-12-01 15:00:32,1,5240,2,0,False
3064,HarrietAkot/astropy,astropy/astropy,2020-10-13T09:40:14Z,2020-10-13T09:40:16Z,2020-10-13T09:39:00Z,0.0,1.0,2020-10-13 08:38:38,1,5246,0,0,False
3065,mfonism/astropy,astropy/astropy,2020-10-11T16:32:24Z,2020-10-11T16:32:26Z,2020-10-13T17:29:25Z,0.0,1.0,2020-10-13 16:01:29,1,5249,0,0,False
3066,ejoliet/astropy,astropy/astropy,2020-10-09T14:54:04Z,2020-10-09T14:54:07Z,2020-10-09T13:57:59Z,0.0,1.0,2020-10-09 13:02:43,1,5277,0,0,False
3067,george-galvin/astropy,astropy/astropy,2020-10-08T16:41:26Z,2020-10-09T20:11:40Z,2020-10-13T09:38:57Z,0.0,1.0,2020-10-13 09:37:32,7,5278,2,0,False
3068,tiagopereira/astropy,astropy/astropy,2020-10-08T11:25:03Z,2020-10-08T11:25:05Z,2020-10-08T08:20:38Z,0.0,1.0,2020-10-07 13:27:40,0,5280,0,0,False
3069,gvanbelle/astropy,astropy/astropy,2020-10-07T03:06:15Z,2022-02-08T21:16:02Z,2020-10-07T02:40:27Z,0.0,1.0,2020-10-06 23:09:06,0,5282,0,0,False
3070,mekare7/astropy,astropy/astropy,2020-10-06T11:28:22Z,2020-10-06T11:28:24Z,2020-10-06T11:23:24Z,0.0,1.0,2020-10-06 09:47:47,0,5286,0,0,False
3071,zupeiza/astropy,astropy/astropy,2020-10-05T19:09:57Z,2020-10-17T09:47:43Z,2020-10-17T09:47:39Z,0.0,1.0,2020-10-17 09:47:23,2,5294,0,0,False
3072,LuisGordo-Engineer/astropy,astropy/astropy,2020-10-05T09:41:59Z,2020-10-05T09:42:01Z,2020-10-05T09:31:48Z,0.0,1.0,2020-10-04 13:26:13,0,5303,0,0,False
3073,Ayse-Sezen/astropy,astropy/astropy,2020-10-03T14:55:51Z,2020-10-03T14:55:54Z,2020-10-03T14:14:54Z,0.0,1.0,2020-10-02 16:19:11,0,5321,0,0,False
3074,addddd123/astropy,astropy/astropy,2020-09-30T18:28:33Z,2020-09-30T18:28:36Z,2020-10-01T17:46:57Z,0.0,1.0,2020-10-01 17:45:14,3,5332,1,0,False
3075,eerovaher/astropy,astropy/astropy,2020-09-30T14:21:20Z,2021-12-31T22:16:02Z,2022-08-22T22:25:00Z,0.0,1.0,2022-08-23 23:50:27,6,1030,0,0,True
3076,Hushizhan/astropy,astropy/astropy,2020-09-23T07:02:12Z,2020-09-23T07:02:14Z,2020-09-22T18:47:03Z,0.0,1.0,2020-09-22 17:16:13,0,5375,0,0,False
3077,yoachim/astropy,astropy/astropy,2020-09-22T15:53:11Z,2020-09-22T15:53:13Z,2020-10-23T21:33:13Z,0.0,1.0,2020-10-23 21:33:12,0,5119,3,0,False
3078,havok2063/astropy,astropy/astropy,2020-09-16T13:36:53Z,2020-09-16T13:36:55Z,2020-09-16T12:04:21Z,0.0,1.0,2020-09-15 16:36:09,1,5410,0,0,False
3079,Joshuaalbert/astropy,astropy/astropy,2020-09-16T11:41:02Z,2020-09-16T11:53:34Z,2020-09-16T11:53:24Z,0.0,1.0,2020-09-16 11:53:18,2,5410,0,0,False
3080,SiddharthaAnand/astropy,astropy/astropy,2020-09-15T16:14:57Z,2020-09-15T16:14:59Z,2020-09-15T15:53:48Z,0.0,1.0,2020-09-11 23:08:52,1,5414,0,0,False
3081,fencino/astropy,astropy/astropy,2020-09-14T03:56:35Z,2020-09-14T03:56:37Z,2020-09-13T21:37:31Z,0.0,1.0,2020-09-11 23:08:52,1,5417,0,0,False
3082,Olek-Donaldson/astropy,astropy/astropy,2020-09-14T02:41:28Z,2020-09-14T02:41:31Z,2020-10-20T16:31:01Z,0.0,1.0,2020-10-19 23:48:56,1,5216,0,0,False
3083,rtuetkin/astropy,astropy/astropy,2020-09-13T19:41:18Z,2020-09-13T19:41:20Z,2020-09-12T05:44:03Z,0.0,1.0,2020-09-11 23:08:52,1,5418,0,0,False
3084,LarryDelBosque7/astropy,astropy/astropy,2020-09-12T23:44:22Z,2020-09-12T23:44:26Z,2020-09-12T05:44:03Z,0.0,1.0,2020-09-11 23:08:52,1,5418,0,0,False
3085,PFelux86/astropy,astropy/astropy,2020-09-12T03:00:07Z,2020-09-12T03:00:09Z,2020-09-11T23:23:40Z,0.0,1.0,2020-09-11 23:08:52,1,5418,0,0,False
3086,jordon2899/astropy,astropy/astropy,2020-09-11T20:34:01Z,2020-09-11T20:34:04Z,2020-09-11T14:10:45Z,0.0,1.0,2020-09-11 14:10:43,1,5421,0,0,False
3087,fernandoluna9/astropy,astropy/astropy,2020-09-11T20:31:56Z,2020-09-11T20:31:58Z,2020-09-11T14:10:45Z,0.0,1.0,2020-09-11 14:10:43,1,5421,0,0,False
3088,Aerrop/astropy,astropy/astropy,2020-09-11T20:27:33Z,2020-09-11T20:27:36Z,2020-09-11T14:10:45Z,0.0,1.0,2020-09-11 14:10:43,1,5421,0,0,False
3089,astrowq/astropy,astropy/astropy,2020-09-09T14:32:29Z,2020-12-10T16:51:42Z,2020-09-09T13:57:00Z,0.0,1.0,2020-09-08 16:36:03,1,5439,0,0,False
3090,lspitler/astropy,astropy/astropy,2020-09-01T08:28:29Z,2020-09-01T08:28:31Z,2020-09-03T19:40:22Z,0.0,1.0,2020-08-27 16:48:42,1,5512,0,0,False
3091,YasPHP/astropy,astropy/astropy,2020-09-01T04:12:23Z,2020-09-01T04:12:25Z,2020-09-01T00:46:39Z,0.0,1.0,2020-08-27 16:48:42,1,5512,0,0,False
3092,HerculesJack/astropy,astropy/astropy,2020-08-30T15:13:00Z,2020-08-30T15:13:02Z,2020-08-30T11:05:07Z,0.0,1.0,2020-08-27 16:48:42,1,5519,0,0,False
3093,mmfranco25/astropy,astropy/astropy,2020-08-20T02:26:35Z,2020-08-20T02:26:38Z,2020-08-19T23:31:52Z,0.0,1.0,2020-08-19 15:16:05,1,5579,0,0,False
3094,zzlljj/astropy,astropy/astropy,2020-08-17T15:31:46Z,2020-08-17T15:31:48Z,2020-08-17T14:33:22Z,0.0,1.0,2020-08-15 21:32:01,1,5627,0,0,False
3095,rouault/astropy,astropy/astropy,2020-08-15T12:51:49Z,2020-08-15T12:51:52Z,2020-08-15T12:53:14Z,0.0,1.0,2020-08-15 12:53:13,1,5637,1,0,False
3096,ludwigschwardt/astropy,astropy/astropy,2020-08-12T15:35:13Z,2022-01-25T15:11:28Z,2022-01-25T15:09:39Z,0.0,1.0,2022-01-24 17:15:23,1,1945,1,0,False
3097,actuarial-tools/astropy,astropy/astropy,2020-08-12T05:47:02Z,2020-08-12T05:47:04Z,2020-08-12T01:43:39Z,0.0,1.0,2020-08-11 21:16:10,1,5668,0,0,False
3098,encrypted-soul/astropy,astropy/astropy,2020-08-09T21:21:00Z,2020-08-09T21:21:03Z,2020-08-09T21:07:29Z,0.0,1.0,2020-08-09 11:51:19,1,5686,0,0,False
3099,fdelbrayelle/astropy,astropy/astropy,2020-08-07T12:08:37Z,2020-08-07T12:08:39Z,2020-08-07T10:18:10Z,0.0,1.0,2020-08-07 10:17:55,2,5700,0,0,False
3101,nvanswol/astropy,astropy/astropy,2020-08-01T02:23:03Z,2020-08-01T02:23:05Z,2020-07-31T21:45:08Z,0.0,1.0,2020-07-31 19:54:28,2,5722,0,0,False
3102,alurban/astropy,astropy/astropy,2020-07-27T19:38:42Z,2020-07-27T19:38:45Z,2020-07-27T20:00:14Z,0.0,1.0,2020-07-27 19:53:30,1,5758,0,0,False
3103,stjordanis/astropy,astropy/astropy,2020-07-27T15:34:41Z,2021-09-03T01:02:44Z,2021-09-03T01:02:35Z,0.0,1.0,2021-09-02 19:19:39,0,2921,0,0,False
3104,ScottSoren/astropy,astropy/astropy,2020-07-27T09:42:15Z,2020-07-27T09:42:18Z,2020-07-26T18:33:14Z,0.0,1.0,2020-07-24 16:33:28,0,5760,0,0,False
3105,tobiaskleiner/astropy,astropy/astropy,2020-07-23T09:56:07Z,2020-07-23T09:56:10Z,2020-07-22T16:07:22Z,0.0,1.0,2021-05-11 15:44:46,0,3595,0,0,False
3106,fagan2888/astropy,astropy/astropy,2020-07-21T19:57:19Z,2020-07-21T19:57:21Z,2020-07-21T17:56:48Z,0.0,1.0,2020-07-21 16:30:26,0,5768,0,0,False
3107,vdye/astropy,astropy/astropy,2020-07-21T16:13:19Z,2021-07-01T16:00:58Z,2021-07-01T16:00:49Z,0.0,1.0,2021-07-01 07:05:35,0,3303,0,0,False
3108,Abhilovesall/astropy,astropy/astropy,2020-07-20T17:02:28Z,2020-07-20T17:02:31Z,2020-07-20T16:38:13Z,0.0,1.0,2020-07-20 16:38:11,0,5776,0,0,False
3109,biprateep/astropy,astropy/astropy,2020-07-11T23:26:50Z,2020-07-11T23:26:52Z,2020-07-11T22:51:45Z,0.0,1.0,2020-07-09 21:23:49,0,5806,0,0,False
3110,rafaellehmkuhl/astropy,astropy/astropy,2020-07-11T19:36:24Z,2020-07-11T19:36:26Z,2020-07-11T18:21:24Z,0.0,1.0,2020-07-09 21:23:49,0,5806,0,0,False
3111,jryon/astropy,astropy/astropy,2020-07-11T16:03:35Z,2020-07-11T16:03:37Z,2020-07-11T14:37:12Z,0.0,1.0,2020-07-09 21:23:49,0,5807,0,0,False
3112,Ray-Lucas/astropy,astropy/astropy,2020-07-11T15:30:12Z,2020-07-11T15:30:14Z,2020-07-11T14:37:12Z,0.0,1.0,2020-07-09 21:23:49,0,5807,0,0,False
3113,cosmicoder/astropy,astropy/astropy,2020-07-11T15:13:40Z,2020-07-14T00:03:10Z,2020-07-14T20:48:11Z,0.0,1.0,2020-07-14 20:47:33,1,5805,2,0,False
3114,spacemanjosh/astropy,astropy/astropy,2020-07-11T14:56:19Z,2020-07-11T14:56:21Z,2020-07-11T15:26:57Z,0.0,1.0,2020-07-09 21:23:49,0,5807,0,0,False
3115,fbidu/astropy,astropy/astropy,2020-07-11T14:05:33Z,2020-07-11T14:05:35Z,2021-01-28T11:18:41Z,0.0,1.0,2021-01-28 11:18:39,1,5808,0,0,False
3116,bnikolic/astropy,astropy/astropy,2020-07-11T09:03:35Z,2020-07-11T09:03:38Z,2020-07-12T09:06:15Z,0.0,1.0,2020-07-12 09:06:03,0,5809,1,0,False
3117,DoctorCronut/astropy,astropy/astropy,2020-07-10T15:40:19Z,2020-07-10T15:40:22Z,2020-07-14T05:25:25Z,0.0,1.0,2020-07-14 05:25:02,2,5811,0,0,False
3118,bnavigator/astropy,astropy/astropy,2020-07-07T21:26:00Z,2020-07-07T21:26:03Z,2020-07-07T22:03:42Z,0.0,1.0,2020-07-07 22:03:22,0,5830,1,0,False
3119,bmerry/astropy,astropy/astropy,2020-06-26T09:53:11Z,2020-06-26T09:53:13Z,2021-01-14T18:37:38Z,0.0,1.0,2021-01-14 18:34:07,0,4615,30,0,False
3120,astrochun/astropy,astropy/astropy,2020-06-25T03:37:39Z,2020-06-25T03:37:41Z,2020-07-03T04:27:52Z,0.0,1.0,2020-07-03 04:23:48,0,5846,1,0,False
3121,jpthompson212/astropy,astropy/astropy,2020-06-22T18:04:26Z,2020-06-22T18:04:28Z,2020-06-21T21:26:30Z,0.0,1.0,2020-06-21 21:26:29,0,5893,0,0,False
3122,guerrabl/astropy,astropy/astropy,2020-06-18T23:03:33Z,2020-06-18T23:03:35Z,2020-06-18T20:11:41Z,0.0,1.0,2020-06-18 12:55:14,0,5904,0,0,False
3123,matkadoor/astropy,astropy/astropy,2020-06-18T16:44:46Z,2020-06-18T16:44:48Z,2020-06-18T12:55:16Z,0.0,1.0,2020-06-18 12:55:14,0,5904,0,0,False
3124,neevshah101/astropy,astropy/astropy,2020-06-16T20:05:26Z,2020-06-16T20:05:28Z,2020-06-16T15:19:18Z,0.0,1.0,2020-06-15 19:57:16,0,5916,0,0,False
3125,methane/astropy,astropy/astropy,2020-06-15T12:58:20Z,2020-06-15T12:58:22Z,2020-06-16T04:34:48Z,0.0,1.0,2020-06-16 04:34:39,1,5923,5,0,False
3126,PaulHuwe/astropy,astropy/astropy,2020-06-04T20:17:25Z,2020-06-18T16:26:07Z,2020-08-10T16:58:19Z,0.0,1.0,2020-08-10 16:57:57,1,5886,1,0,False
3127,murodin/astropy,astropy/astropy,2020-06-04T09:04:40Z,2020-06-04T09:04:42Z,2020-06-04T00:48:06Z,0.0,1.0,2020-06-03 21:32:15,0,6170,0,0,False
3128,bastianbeischer/astropy,astropy/astropy,2020-06-03T17:46:13Z,2020-06-03T17:46:14Z,2020-06-03T18:42:55Z,0.0,1.0,2020-06-03 13:06:26,0,6174,0,0,False
3129,noc0lour/astropy,astropy/astropy,2020-06-03T09:30:16Z,2020-06-03T09:30:18Z,2021-04-22T11:27:49Z,0.0,1.0,2021-04-22 11:27:10,0,4087,14,0,False
3130,qlcui/astropy,astropy/astropy,2020-05-29T06:41:48Z,2020-05-29T06:41:50Z,2020-05-29T04:12:37Z,0.0,1.0,2020-05-27 16:41:42,0,6406,0,0,False
3131,jerobado/astropy,astropy/astropy,2020-05-26T22:51:06Z,2022-04-20T21:12:57Z,2022-04-25T23:26:56Z,0.0,1.0,2022-08-27 01:02:21,6,1414,5,0,True
3132,nstarman/astropy,astropy/astropy,2020-05-26T18:22:56Z,2021-10-09T19:26:12Z,2022-08-02T21:06:16Z,0.0,1.0,2022-08-02 21:06:05,235,1481,22,0,True
3133,vaibhavp1964/astropy,astropy/astropy,2020-05-25T20:47:07Z,2020-05-25T20:47:09Z,2020-05-25T15:41:14Z,0.0,1.0,2020-05-25 15:38:36,0,6435,0,0,False
3134,Snavens/astropy,astropy/astropy,2020-05-25T20:35:20Z,2020-05-25T20:35:23Z,2020-05-25T15:41:14Z,0.0,1.0,2020-05-25 15:38:36,0,6435,0,0,False
3135,gregosimo/astropy,astropy/astropy,2020-05-25T00:42:41Z,2020-05-25T00:42:43Z,2020-10-23T23:08:04Z,0.0,1.0,2020-10-23 23:07:13,1,5484,6,0,False
3136,kristinelam/astropy,astropy/astropy,2020-05-21T16:21:55Z,2020-05-21T16:21:57Z,2020-05-21T15:20:19Z,0.0,1.0,2020-05-21 15:00:47,0,6480,0,0,False
3137,nchriz/astropy,astropy/astropy,2020-05-18T08:54:01Z,2020-07-25T10:11:43Z,2020-07-25T10:11:22Z,0.0,1.0,2020-07-24 16:33:28,0,6173,0,0,False
3138,ADiegoCAlonso/astropy,astropy/astropy,2020-05-17T20:39:41Z,2020-05-30T13:20:44Z,2020-05-30T13:21:15Z,0.0,1.0,2020-05-30 13:20:45,3,6450,3,0,False
3139,kiranbhusal/astropy,astropy/astropy,2020-05-16T06:36:58Z,2020-05-16T06:37:01Z,2020-05-15T19:30:41Z,0.0,1.0,2020-05-15 12:42:44,0,6525,0,0,False
3140,povinsahu1909/astropy,astropy/astropy,2020-05-13T18:21:27Z,2020-05-13T18:21:29Z,2020-05-13T18:13:24Z,0.0,1.0,2020-05-13 17:49:39,0,6533,0,0,False
3141,neelchoudhury/astropy,astropy/astropy,2020-05-12T08:03:46Z,2020-05-12T08:03:48Z,2020-05-11T20:57:33Z,0.0,1.0,2020-05-11 12:34:21,0,6543,0,0,False
3142,mmelotti/astropy,astropy/astropy,2020-05-10T21:16:59Z,2020-05-10T21:17:24Z,2020-05-10T20:56:30Z,0.0,1.0,2020-05-09 01:41:10,0,6551,0,0,False
3143,KenedyMatiasso/astropy,astropy/astropy,2020-05-10T14:57:15Z,2020-05-10T14:57:17Z,2020-05-09T21:34:29Z,0.0,1.0,2020-05-09 01:41:10,0,6551,0,0,False
3145,andamian/astropy,astropy/astropy,2020-05-05T21:58:07Z,2020-05-05T21:58:09Z,2020-05-05T21:42:12Z,0.0,1.0,2020-05-05 19:01:53,0,6592,0,0,False
3146,hayesla/astropy,astropy/astropy,2020-05-05T16:01:51Z,2021-01-11T16:23:12Z,2022-08-03T12:46:43Z,0.0,1.0,2022-08-02 08:21:31,1,1528,1,0,True
3147,nikita-0209/astropy,astropy/astropy,2020-05-01T23:19:52Z,2020-06-02T13:09:13Z,2020-09-27T17:09:56Z,0.0,1.0,2020-09-27 17:09:55,2,6706,9,0,False
3148,makotosawada/astropy,astropy/astropy,2020-05-01T05:10:14Z,2020-05-01T05:10:16Z,2020-04-30T22:15:12Z,0.0,1.0,2020-04-30 14:26:55,0,6771,0,0,False
3149,2ndmk2/astropy,astropy/astropy,2020-04-30T06:18:30Z,2020-04-30T06:18:32Z,2020-04-30T04:53:14Z,0.0,1.0,2020-04-29 19:55:26,0,6799,0,0,False
3150,Iamsoto/astropy,astropy/astropy,2020-04-29T21:30:35Z,2020-09-03T23:06:14Z,2021-04-28T21:25:42Z,0.0,1.0,2021-04-28 21:25:22,3,4203,4,0,False
3151,gridl/astropy,astropy/astropy,2020-04-29T07:05:40Z,2020-04-29T07:05:42Z,2020-04-29T05:40:59Z,0.0,1.0,2020-04-29 02:11:14,0,6821,0,0,False
3152,bjwhite-fnal/astropy,astropy/astropy,2020-04-28T12:59:36Z,2020-04-28T12:59:38Z,2020-04-28T12:50:02Z,0.0,1.0,2020-04-28 08:36:02,0,6857,0,0,False
3153,Sharrp/astropy,astropy/astropy,2020-04-27T11:10:46Z,2020-04-27T11:10:49Z,2020-04-27T11:06:20Z,0.0,1.0,2020-04-27 09:30:03,1,6892,0,0,False
3154,chris-simpson/astropy,astropy/astropy,2020-04-21T22:32:46Z,2020-09-29T23:22:26Z,2020-09-30T21:52:46Z,0.0,1.0,2020-09-30 21:52:24,1,5936,7,0,False
3155,ondrocks/astropy,astropy/astropy,2020-04-20T14:35:42Z,2020-04-20T14:35:45Z,2020-04-20T05:10:33Z,0.0,1.0,2020-04-16 19:41:26,1,7103,0,0,False
3156,ChristianDavis/astropy,astropy/astropy,2020-04-19T23:44:17Z,2020-04-19T23:44:19Z,2020-04-19T13:39:49Z,0.0,1.0,2020-04-16 19:41:26,1,7115,0,0,False
3157,ndl303/astropy,astropy/astropy,2020-04-18T01:35:55Z,2020-04-18T01:35:57Z,2020-04-24T23:16:52Z,0.0,1.0,2020-04-16 19:41:26,1,7125,0,0,False
3158,tirthasheshpatel/astropy,astropy/astropy,2020-04-17T16:26:51Z,2020-04-17T16:26:53Z,2020-04-17T15:03:39Z,0.0,1.0,2020-04-16 19:41:26,1,7132,0,0,False
3159,saksham-kaushal/astropy,astropy/astropy,2020-04-17T08:08:06Z,2020-04-17T08:08:09Z,2020-04-17T05:05:19Z,0.0,1.0,2020-04-16 19:41:26,1,7136,0,0,False
3160,zwl1671/astropy,astropy/astropy,2020-04-17T02:22:43Z,2020-04-17T02:22:45Z,2020-04-16T21:50:14Z,0.0,1.0,2020-04-16 19:41:26,1,7136,0,0,False
3161,bhanuchandark/astropy,astropy/astropy,2020-04-16T17:21:05Z,2020-04-16T17:21:07Z,2020-04-16T14:46:33Z,0.0,1.0,2020-04-16 09:14:20,1,7152,0,0,False
3162,Connietang1989/astropy,astropy/astropy,2020-04-16T07:24:17Z,2020-04-16T07:24:19Z,2020-04-16T04:02:56Z,0.0,1.0,2020-04-15 19:38:37,1,7155,0,0,False
3163,ceb8/astropy,astropy/astropy,2020-04-16T00:18:08Z,2020-07-06T19:14:50Z,2021-08-06T19:29:36Z,0.0,1.0,2021-08-06 15:54:00,0,3596,0,0,False
3164,RohitRanjangit/astropy,astropy/astropy,2020-04-14T11:49:31Z,2020-04-14T11:49:34Z,2020-04-14T09:06:32Z,0.0,1.0,2020-04-13 14:30:22,1,7201,0,0,False
3165,bibek22/astropy,astropy/astropy,2020-04-12T17:19:54Z,2020-04-12T17:19:57Z,2020-04-12T17:08:10Z,0.0,1.0,2020-04-12 16:47:07,0,7207,0,0,False
3166,wtbarnes/astropy,astropy/astropy,2020-04-12T04:31:41Z,2020-04-21T06:27:47Z,2020-04-21T06:27:43Z,0.0,1.0,2022-08-25 21:24:19,0,1512,0,0,False
3167,jskowron/astropy,astropy/astropy,2020-04-06T15:03:05Z,2020-04-06T15:03:07Z,2020-04-06T20:36:54Z,0.0,1.0,2020-04-04 14:44:35,1,7271,0,0,False
3168,ShreyanshTripathi/astropy,astropy/astropy,2020-04-02T13:58:18Z,2020-04-02T13:58:20Z,2020-04-02T12:17:39Z,0.0,1.0,2020-04-02 10:21:07,1,7319,0,0,False
3169,karangurtu/astropy,astropy/astropy,2020-03-31T08:31:50Z,2020-03-31T08:31:54Z,2020-03-31T07:14:00Z,0.0,1.0,2020-03-31 04:34:42,1,7360,0,0,False
3170,luisval/astropy,astropy/astropy,2020-03-30T09:14:32Z,2020-03-30T09:14:36Z,2020-03-30T05:12:24Z,0.0,1.0,2020-03-29 18:07:34,1,7374,0,0,False
3171,AntonVopilov/astropy,astropy/astropy,2020-03-29T22:58:23Z,2020-03-29T22:58:26Z,2020-03-29T18:32:59Z,0.0,1.0,2020-03-29 18:07:34,1,7374,0,0,False
3172,kunakl07/astropy,astropy/astropy,2020-03-27T15:00:27Z,2020-03-27T15:00:29Z,2020-03-27T14:55:34Z,0.0,1.0,2020-03-27 14:55:33,0,7389,0,0,False
3173,manodeep/astropy,astropy/astropy,2020-03-27T04:13:07Z,2020-03-27T04:13:09Z,2020-04-03T00:46:51Z,0.0,1.0,2020-04-03 00:44:49,0,7348,1,0,False
3174,150401030/astropy,astropy/astropy,2020-03-25T10:20:00Z,2020-03-25T10:20:02Z,2020-03-25T02:18:58Z,0.0,1.0,2020-03-24 16:43:43,0,7405,0,0,False
3175,yangguangbo/astropy,astropy/astropy,2020-03-25T06:57:38Z,2020-03-25T06:57:40Z,2020-03-25T02:18:58Z,0.0,1.0,2020-03-24 16:43:43,0,7405,0,0,False
3176,nikkelj/astropy,astropy/astropy,2020-03-16T14:33:52Z,2020-03-16T14:33:54Z,2020-03-16T14:19:16Z,0.0,1.0,2020-03-15 02:40:41,0,7470,0,0,False
3177,jobindj/astropy,astropy/astropy,2020-03-12T08:45:57Z,2020-03-12T08:46:00Z,2020-03-12T03:05:26Z,0.0,1.0,2020-03-11 19:20:52,0,7482,0,0,False
3178,agostinaf/astropy,astropy/astropy,2020-03-05T15:59:52Z,2020-03-05T15:59:55Z,2020-03-07T20:24:49Z,0.0,1.0,2020-03-05 14:48:29,0,7538,0,0,False
3179,psiodyne/astropy,astropy/astropy,2020-03-03T16:33:40Z,2020-03-03T16:33:42Z,2020-03-03T15:51:09Z,0.0,1.0,2020-03-03 15:51:07,0,7567,0,0,False
3180,Bonnarel/astropy,astropy/astropy,2020-02-28T11:13:39Z,2020-02-28T11:13:41Z,2020-02-27T19:16:04Z,0.0,1.0,2020-02-27 14:13:22,1,7587,0,0,False
3181,isaac-cfwong/astropy,astropy/astropy,2020-02-27T00:25:52Z,2020-02-27T00:25:55Z,2020-02-27T00:39:57Z,0.0,1.0,2020-02-27 00:39:33,3,7590,0,0,False
3182,DeltiKron/astropy,astropy/astropy,2020-02-26T11:42:43Z,2020-02-26T11:42:45Z,2020-02-27T14:12:43Z,0.0,1.0,2020-02-27 14:08:56,1,7607,0,0,False
3183,qiuxinyidian/astropy,astropy/astropy,2020-02-25T06:37:31Z,2020-02-25T06:37:33Z,2020-02-25T02:29:54Z,0.0,1.0,2020-02-25 02:22:18,1,7630,0,0,False
3184,stscieisenhamer/astropy,astropy/astropy,2020-02-21T14:00:51Z,2020-02-21T14:00:53Z,2020-02-21T12:31:07Z,0.0,1.0,2020-02-20 23:46:16,0,7674,0,0,False
3185,KodunNeSenin/astropy,astropy/astropy,2020-02-20T21:19:50Z,2020-02-20T21:19:53Z,2020-02-20T18:48:54Z,0.0,1.0,2020-02-20 18:48:52,0,7686,0,0,False
3186,jvictor42/astropy,astropy/astropy,2020-02-18T04:10:00Z,2021-10-17T14:30:25Z,2021-10-17T14:30:16Z,0.0,1.0,2021-10-15 16:22:56,0,3240,0,0,False
3187,danielrd6/astropy,astropy/astropy,2020-02-14T12:03:01Z,2020-02-18T18:17:09Z,2020-02-18T18:28:08Z,0.0,1.0,2020-02-18 18:27:36,0,7709,1,0,False
3188,Goobley/astropy,astropy/astropy,2020-02-13T16:35:49Z,2022-05-09T10:25:01Z,2020-02-23T11:23:34Z,0.0,1.0,2020-02-23 11:22:34,0,7719,1,0,False
3189,sarahbridle/astropy,astropy/astropy,2020-02-06T12:07:26Z,2020-02-06T12:07:28Z,2020-02-06T11:20:27Z,0.0,1.0,2020-02-05 20:41:24,0,7744,0,0,False
3190,REMeyer/astropy,astropy/astropy,2020-02-04T18:10:58Z,2020-02-04T18:43:55Z,2020-02-04T18:43:53Z,0.0,1.0,2020-02-04 18:43:28,2,7774,0,0,False
3191,terminal-labs/astropy,astropy/astropy,2020-02-01T06:43:04Z,2020-02-01T06:43:07Z,2020-01-31T22:27:57Z,0.0,1.0,2020-01-31 16:39:52,0,7783,0,0,False
3192,eslavich/astropy,astropy/astropy,2020-01-31T22:12:41Z,2020-01-31T22:12:43Z,2022-03-08T20:19:54Z,0.0,1.0,2021-11-18 17:20:00,15,2778,8,0,False
3193,priyanshurohilla/astropy,astropy/astropy,2020-01-26T17:51:53Z,2020-01-26T17:51:55Z,2020-01-26T10:48:26Z,0.0,1.0,2020-01-26 03:16:04,0,7830,0,0,False
3194,an-gorb/astropy,astropy/astropy,2020-01-20T18:18:45Z,2020-01-20T18:18:47Z,2020-01-20T17:23:56Z,0.0,1.0,2020-01-16 13:07:42,0,7854,0,0,False
3195,kushagra414/astropy,astropy/astropy,2020-01-17T04:13:28Z,2020-01-17T04:13:31Z,2020-01-17T04:17:57Z,0.0,1.0,2020-01-17 04:17:38,1,7866,0,0,False
3196,Antetokounpo/astropy,astropy/astropy,2020-01-16T18:34:41Z,2020-09-26T16:17:03Z,2020-09-26T16:15:43Z,0.0,1.0,2020-09-25 00:25:15,0,6071,11,0,False
3197,nealmcb/astropy,astropy/astropy,2020-01-11T17:22:27Z,2020-01-11T17:22:29Z,2022-01-04T04:12:15Z,1.0,1.0,2022-01-04 04:09:17,2,2636,7,0,False
3198,twentyse7en/astropy,astropy/astropy,2020-01-11T10:26:57Z,2020-01-11T10:27:00Z,2020-01-10T22:08:19Z,0.0,1.0,2020-01-10 22:08:17,0,7884,0,0,False
3199,caseyjlaw/astropy,astropy/astropy,2020-01-08T22:13:47Z,2020-01-08T22:13:49Z,2020-01-24T18:37:32Z,0.0,1.0,2020-01-24 18:37:28,10,7907,0,0,False
3200,SharonGoliath/astropy,astropy/astropy,2020-01-06T20:03:12Z,2020-01-06T20:03:15Z,2020-01-08T00:38:57Z,0.0,1.0,2020-01-08 00:38:56,3,7916,0,0,False
3201,aelanman/astropy,astropy/astropy,2020-01-05T22:36:55Z,2020-01-05T22:36:58Z,2020-01-05T22:59:25Z,0.0,1.0,2020-01-05 22:59:11,2,7922,0,0,False
3202,sakunpanthi/astropy,astropy/astropy,2020-01-03T13:11:30Z,2020-01-03T13:11:32Z,2020-01-03T12:02:56Z,0.0,1.0,2020-01-03 02:13:18,0,7929,0,0,False
3203,kxxdhdn/astropy,astropy/astropy,2020-01-02T08:54:48Z,2020-01-02T08:54:50Z,2019-12-31T22:29:33Z,0.0,1.0,2019-12-29 05:27:27,0,7938,0,0,False
3204,radupasparuga/astropy,astropy/astropy,2019-12-31T23:27:55Z,2019-12-31T23:27:57Z,2019-12-31T22:29:33Z,0.0,1.0,2019-12-29 05:27:27,0,7938,0,0,False